0	1	About how many countries are there in the world?	200
1	1	Alaska is the largest state in the United States.	True
2	1	All of the following are towns/villages in the Pacific Island nation of Kiribati EXCEPT:	Urutora
3	1	Bosnia and Herzegovina is a country located in the Baltic region in Europe.	False
4	1	Broome is a town in which state of Australia?	Western Australia
5	1	How many US states start with the letter K?	Two
6	1	How many countries does Spain have a land border with?	5
7	1	How many countries share a land border with Russia? (Not including disputed territories)	14
8	1	How many provinces are in the Netherlands?	12
9	1	How tall is One World Trade Center in New York City?	1,776 ft
10	1	In 2012 the German-speaking microstate "Liechtenstein" in Central Europe had a population of how many inhabitants?	36,600
11	1	In the Canadian province of Alberta, the city of Calgary is located further north than the city of Edmonton.	False
12	1	In which English county is the city of Portsmouth?	Hampshire
13	1	Italy and Ireland are the only countries in Europe that start with the letter I.	False
14	1	Kuala Lumpur is the capital of which country?	Malaysia
15	1	Llanfairpwllgwyngyllgogerychwyrndrobwllllantysiliogogogoch is located on which Welsh island?	Anglesey
16	1	Miami is Florida's largest city.	False
17	1	On which continent does the Andes mountain range lie?	South America
18	1	Route 66 in the United States spans the entire mainland of America, from California to New York.	False
19	1	Santorini is an island belonging to what European Country?	Greece
20	1	The Alps are a mountain range on which continent?	Europe
21	1	The Andaman and Nicobar Islands in South East Asia are controlled by which country?	India
22	1	The Japanese district Akihabara is also known by what nickname?	Electric Town
23	1	The Pyrenees mountains are located on the border of which two countries?	France and Spain
24	1	The Southeast Asian island of Borneo is politically divided among 3 countries.	True
25	1	The Svalbard Archipelago is a dependency of which country?	Norway
26	1	The White Cliffs of Dover is located in which country? 	United Kingdom
27	1	The formerly East-Prussian city of Konigsberg is known as which Russian City today?	Kaliningrad
28	1	The mountainous Khyber Pass connects which of the two following countries?	Afghanistan and Pakistan
29	1	The prefix Sino- (As in Sino-American) is used to refer to what nationality?	Chinese
30	1	The surface area of Russia is slightly larger than that of the dwarf planet Pluto.	True
31	1	Vatican City, the smallest country in the world, is fully enclosed by which country?	Italy
32	1	What continent is the country Lesotho in?	Africa
33	1	What is Laos?	Country
34	1	What is the area of Vatican City?	0.44km^2
35	1	What is the capital city of Bermuda?	Hamilton
36	1	What is the capital city of the U.S. state of Texas?	Austin
37	1	What is the capital of Brazil?	Brasilia
38	1	What is the capital of Finland?	Helsinki
39	1	What is the capital of Peru?	Lima
40	1	What is the capital of Spain?	Madrid
41	1	What is the capital of the American state of Arizona?	Phoenix
42	1	What is the fifth largest country by area?	Brazil
43	1	What is the largest city and commercial capital of Sri Lanka?	Colombo
44	1	What is the largest country in the world ?	Russian Federation
45	1	What is the largest country in the world?	Russia
46	1	What is the most common climbing route for the second highest mountain in the world, K2?	Abruzzi Spur
47	1	What is the most populous Muslim-majority nation in 2010?	Indonesia
48	1	What is the name of New Zealand's indigenous people?	Maori
49	1	What is the name of rocky region that spans most of eastern Canada?	Canadian Shield
50	1	What is the name of the only remaining Grand Duchy in the world ?	Luxembourg
51	1	What is the official language in Liechtenstein?	German
52	1	What is the right way to spell the capital of Hungary?	Budapest
53	1	What is the tallest mountain in Canada?	Mount Logan
54	1	What is the world's smallest country by population?	Vatican City
55	1	What island in the Canary Islands was the scene of one of the worst air disasters in history with the collision of two jumbo jets?	Tenerife
56	1	What was the African nation of Zimbabwe formerly known as?	Rhodesia
57	1	Where is the city of Haarlem located?	The Netherlands
58	1	Where is the fast food chain "Panda Express" headquartered?	Rosemead, California
59	1	Which European city is known as the "City of Light"?	Paris
60	1	Which UK country features a dragon on their flag?	Wales
61	1	Which US state is nicknamed "The Golden State"?	California
62	1	Which city is the capital of Switzerland?	Bern
63	1	Which country has three capital cities?	South Africa
64	1	Which country inside the United Kingdom does NOT appear on its flag, the Union Jack?	Wales
65	1	Which country ranks first in the number of historically active volcanoes?	Indonesia
66	1	Which is not a country in Africa?	Guyana
67	1	Which of the following European languages is classified as a "language isolate?"	Basque
68	1	Which of the following Inuit languages was the FIRST to use a unique writing system not based on the Latin alphabet?	Inuktitut
69	1	Which of the following countries is within the Eurozone but outside of the Schengen Area?	Cyprus
70	1	Which of the following geographic features is a ring-shaped coral reef, island, or series of islets?	Atoll
71	1	Which of the following is NOT a capital city?	Sydney
72	1	Which of the following languages does NOT use the Latin alphabet?	Georgian
73	1	Which of these countries is NOT a part of the Asian continent?	Suriname
74	1	Which of these country's capitals starts with the letter B?	Lebanon
75	1	Which of these is NOT a province in China?	Yangtze
76	1	Which of these is NOT a real tectonic plate?	Atlantic Plate
77	1	Which of these is NOT an Australian state or territory?	Alberta
78	2	"Neutral Milk Hotel" is a real band.	True
79	2	"PAYDAY: The Heist" is a sequel to the board game "Payday".	False
80	2	"Rumble" by Link Wray is the only instrumental song to ever have been banned from US radio.	True
81	2	"Strangereal" is a fictitious Earth-like world for which game series?	Ace Combat
82	2	"The Potato Sack" was a collection of indie games released on Steam in 2011 as a promotion for which game?	Portal 2
83	2	"The Simpsons" family is named after creator Matt Groening's real family.	True
84	2	"The first rule is: you don't talk about it" is a reference to which movie?	Fight Club
85	2	"Tomb Raider" icon Lara Croft was originally called...	Laura Cruz
86	2	'74-'75 is a 1993 single from the album Ring by what American band?	The Connells
87	2	'I'm never gonna dance again, guilty feet have got no rhythm' were lyrics from which Wham! hit single?	Careless Whisper
88	2	'We Built This City' was a number one hit for which American rock band in 1985?	Starship
89	2	A piccolo is a smaller version of what instrument?	Flute
90	2	According to Overwatch's lore, who was once a member of the Deadlock Gang?	McCree
91	2	According to the RIAA: Which artist has sold the most albums by the million?	The Beatles
92	2	According to their 1974 hit, what were Brownsville Station doing "In The Boys' Room"?	Smokin'
93	2	According to their longtime nickname, what kind of "duo" are Batman & Robin?	Dynamic
94	2	After India, which country produces the second most movies per year?	Nigeria
95	2	Along with Gabe Newell, who co-founded Valve?	Mike Harrington
96	2	An episode of "The Simpsons" is dedicated to Moe Szyslak's bar rag.	True
97	2	Aperture Science CEO Cave Johnson is voiced by which American actor?	J.K. Simmons
98	2	Artis Leon Ivey Jr. is better known as which rap artist?	Coolio
99	2	As of February 2019, the "Donkey Kong Country" series only had released five games (not counting remakes or ports).	True
100	2	At the end of the 2001 film "Rat Race", whose concert do the contestants crash?	Smash Mouth
101	2	Big the Cat is a playable character in "Sonic Generations".	False
102	2	Bjork's "Unison" contains a sample of which Oval song?	Aero Deck
103	2	Blinky, Pinky, Inky and Clyde are characters from which classic video game?	Pac-Man
104	2	British actor David Morrissey stars as which role in "The Walking Dead"?	The Governor
105	2	Butters Stotch, Pip Pirrup, and Wendy Testaburger are all characters in which long running animated TV series?	South Park
106	2	Cryoshell, known for "Creeping in My Soul" did the advertising music for what Lego Theme?	Bionicle
107	2	David Baszucki was a co-founder of ROBLOX Corporation.	True
108	2	During the game's development, what was the first ever created Pokemon?	Rhyhorn
109	2	Ellie Goulding's earliest album was named?	Lights
110	2	Ewan McGregor did not know the name of the second prequel film of Star Wars during and after filming.	True
111	2	From which album is the Gorillaz song, "On Melancholy Hill" featured in?	Plastic Beach
112	2	Grand Theft Autumn/Where Is Your Boy is a song by which band?	Fall Out Boy
113	2	How does the character Dragowizard, Qinus Axia's from the anime "Buddyfight" differ between the Japanese and English dubs?	Different Gender
114	2	How many controllers could a Nintendo GameCube have plugged in at one time?	4
115	2	How many differently shaped Tetris pieces are there?	7
116	2	How many games are there in the "Colony Wars" series for the PlayStation?	3
117	2	How many games in the Crash Bandicoot series were released on the original Playstation?	5
118	2	How many metal bars does it take to smith a platebody in the MMO "RuneScape"?	5 bars
119	2	How many people can you recruit in the game Suikoden in a single playthrough?	107
120	2	How many playable characters are there in Yakuza 5?	5
121	2	How many seasons did "Stargate SG-1" have?	10
122	2	How many semitones are in an octave?	12
123	2	How many times do you fight Gilgamesh in "Final Fantasy 5"?	6
124	2	How many times do you fight the Imprisoned in The Legend of Zelda: Skyward Sword?	3
125	2	How many total monsters appear in Monster Hunter Generations?	105
126	2	How many voice channels does the Super Nintendo Entertainment System support?	8
127	2	IMAX stands for Image Maximum.	True
128	2	If a "360 no-scope" is one full rotation before shooting, how many rotations would a "1080 no-scope" be?	3
129	2	In "A Certain Magical Index," what is Accelerator able to control?	Vectors
130	2	In "ALF", what was ALF's real name?	Gordon Shumway
131	2	In "Breaking Bad", Walter White is a high school teacher diagnosed with which form of cancer?	Lung Cancer
132	2	In "Breaking Bad," which main character was planned to be killed in Season 1 but wasn't because the show creator liked the actor?	Jesse Pinkman
133	2	In "Call Of Duty: World At War", the first appearance of the "PPSH-41" in "Zombies" was in the map "Der Riese".	False
134	2	In "Call Of Duty: Zombies", completing which map's main easter egg will reward you with the achievement, "Little Lost Girl"?	Origins
135	2	In "Call Of Duty: Zombies", what does the game traditionally reward you for completing a boss round?	Max Ammo
136	2	In "Call Of Duty: Zombies", what is the name of the machine that upgrades weapons?	Pack-A-Punch
137	2	In "Call Of Duty: Zombies", you can upgrade the "Apothicon Servant" in the "Shadows Of Evil" map.	False
138	2	In "Call of Duty: Zombies", what group does Doctor Maxis work for?	Group 935
139	2	In "FTL: Faster Than Light", how many races are there, including the Lanius?	8
140	2	In "Fallout 4" which faction is not present in the game?	The Enclave
141	2	In "Halo", what is the name of the planet which Installation 04 orbits?	Threshold
142	2	In "Highschool DxD", Koneko Toujou is from what race?	Nekomata
143	2	In "Homestuck" the "Kingdom of Darkness" is also known as?	Derse
144	2	In "It's Always Sunny in Philadelphia" what was the name of Frank's wrestling persona?	The Trash Man
145	2	In "JoJo's Bizarre Adventure", which of the following Stands does NOT have a time-based ability?	20th Century Boy
146	2	In "Magic: The Gathering", what instant card has the highest converted mana cost?	Blinkmoth Infusion
147	2	In "Magicka", which two elements are combined to cast the spell, "Nullify"?	Arcane + Shield
148	2	In "Mean Girls", who has breasts that tell when it's raining?	Karen Smith
149	2	In "My Little Pony: Friendship is Magic", which of these ponies represents the quality of honesty?	Applejack
150	2	In "One Piece", who is the girl who overcame her enslaved past and became an agent of an army to fight the corrupt government?	Koala
151	2	In "Overwatch", how much health does Roadhog's "Take a Breather" ability recover?	300
152	2	In "PAYDAY 2", what weapon has the highest base weapon damage on a per-shot basis?	HRL-7
153	2	In "Phoenix Wright: Ace Attorney" which character is the District Chief of Police?	Damon Gant
154	2	In "Resident Evil 2", what is Leon Kennedy's middle name?	Scott
155	2	In "Rick And Morty", who shot "Mr. Poopybutthole" in the episode "Total Rickall"?	Beth
156	2	In "Star Trek", Klaang is a typical Klingon male.	True
157	2	In "Star Trek", Klingons are commonly referred to as "Black Elves".	False
158	2	In "Star Trek", what is the Klingon death ritual?	Look into sky and yell loudly in mourning.
159	2	In "Star Trek: Voyager", which episode did Voyager establish real-time communication with Starfleet Headquarters?	Pathfinder
160	2	In "Starbound", what is the max HP of the monster "Punchy"?	50,000 HP
161	2	In "Super Mario 3D World", the Double Cherry power-up originated from a developer accidentally making two characters controllable.	True
162	2	In "Team Fortress 2", what is the fastest taunt kill that can be pulled off?	Showdown
163	2	In "The Elder Scrolls 3: Morrowind", which of the following factions is not joinable?	The Dark Brotherhood
164	2	In "The Hobbit," who was head of the White Council? 	Saruman
165	2	In "Tony Hawk's Underground", the main character's friend turned rival is named "Jeff Sampson"	False
166	2	In "Undertale", the main character of the game is Sans.	False
167	2	In 2013, virtual pop-star Hatsune Miku had a sponsorship with which pizza chain?	Domino's
168	2	In AMC's "The Walking Dead," the characters Rick, Carl, Daryl, Morgan, Carol and Maggie were introduced in Season 1.	False
169	2	In Alfred Hitchcock's film 'Psycho' it is said he used chocolate syrup to simulate the blood in the famous shower scene from 	True
170	2	In Animal Crossing, who is the manager of the town shop?	Tom Nook
171	2	In August 1964, who introduced the Beatles to cannabis?	Bob Dylan
172	2	In Black Hammer, what city did the heroes save from the Anti-God?	Spiral City
173	2	In Call Of Duty: Black Ops II, who is the main antagonist?	Raul Menendez 
174	2	In Call of Duty: Modern Warfare 2, how many consecutive kills does it require to earn the "Tactical Nuke" killstreak?	25
175	2	In Call of Duty: United Offensive, what two soldiers share a name of a video game character?	Gordon & Freeman
176	2	In Counter-Strike: Global Offensive, what's the rarity of discontinued skins called?	Contraband
177	2	In DC comics, what is Owlman's real name?	Thomas Wayne Jr.
178	2	In Divinity: Original Sin II, what is the name of the skeletal origin character?	Fane
179	2	In Fallout 4, which type of power armor is first encountered in the early mission "When Freedom Calls" in a crashed Vertibird?	T-45
180	2	In Fallout: New Vegas, upon starting each one of the four campaign DLCs, which one of them does not have a warning screen/recommended level? 	Honest Hearts 
181	2	In Five Nights at Freddy's 1, how can you make Golden Freddy disappear?	Enable cameras
182	2	In Heroes of the Storm, the Cursed Hollow map gimmick requires players to kill the undead to curse the enemy team.	False
183	2	In Hitman: Blood Money, what is the name of the target in the mission "Death of a Showman"?	Joseph Clarence
184	2	In Jeff Wayne's Musical Version of War of the Worlds, the chances of anything coming from Mars are...	A million to one
185	2	In Kendrick Lamar's 2012 album, "Good Kid, M.A.A.D City", the album's story takes place in which city?	Compton
186	2	In Kingdom Hearts which of the following people can NOT wield a keyblade?	Larxene
187	2	In Kingdom Hearts, how many members does Organization XIII have in total?	14
188	2	In Les Miserables, who is Prison Code 24601?	Jean Valjean
189	2	In Monster Hunter Generations, which of these hunter arts are exclusive to the Longsword?	Unhinged Spirit
190	2	In Need For Speed: Most Wanted (2005), how many people are there to defeat on the blacklist?	15
191	2	In Night In The Woods, where does Gregg work?	Snack Falcon
192	2	In Night in the Woods, which instrument did Casey play?	Drums
193	2	In No Man's Sky (as of the Beyond update), what two resources do you need to craft Antimatter?	Condensed Carbon and Chromatic Metal
194	2	In Overwatch, how old is Reinhardt Wilhelm?	61
195	2	In Overwatch, which ape species is the hero Winston?	Gorilla
196	2	In Pokemon Red & Blue, what is the name of HM05?	Flash
197	2	In Pokemon, Ash's Pikachu refuses to go into a pokeball.	True
198	2	In Pre-Super Genesis universe of "Sonic the Hedgehog" comic, what was the name of  Sally Acorn's brother?	Elias Acorn
199	2	In Rainbow 6 Siege, what is Mozzie's real name?	Max Goose
200	2	In Resident Evil 4, the Chicago Typewriter has infinite ammo.	True
201	2	In Rocket League, you can play Basketball.	True
202	2	In RuneScape, one must complete the "Dragon Slayer" quest before equipping Rune Platelegs.	False
203	2	In Rust, how many Timed Explosive Charges does it take to destroy a Ladder Hatch?	1
204	2	In Skylanders Giants, why was Zaps' Wow Pow named "For Riley" ?	As a tribute to a fan who passed away
205	2	In Slay the Spire, which of the following is NOT a playable character?	Stoneheart
206	2	In Sonic the Hedgehog universe, Tails' real name is Miles Prower.	True
207	2	In Splatoon 2's Hero Mode, which agent does the player take the role of?	Agent 4
208	2	In Splatoon, the Squid Sisters are named Tako and Yaki.	False
209	2	In Spyro the Dragon, what is Spyro's dragonfly friend called?	Sparx
210	2	In Star Trek: The Next Generation, what is the name of Data's cat?	Spot
211	2	In Star Wars, what's the name of the new Government created after the defeat of the Galactic Empire?	The New Republic
212	2	In Star Wars: Republic Commando (2005), what is the name of the squad that you play as?	Delta Squad
213	2	In Team Fortress 2, which class wields a shotgun?	Everyone Listed
214	2	In Terraria, you can craft the Cell Phone pre-hardmode.	True
215	2	In The Witcher 3, the Zoltan Chivay Gwent card can be found under the Hanged Man's Tree.	True
216	2	In Tron: Legacy, Kevin Flynn wrote a program to create the perfect system. What was the program's name?	Clu
217	2	In World of Warcraft, What was the name of the spell that caused a plague that famously killed millions of players in 2005?	Corrupted Blood
218	2	In Yakuza 4 who is the first character you play as?	Shun Akiyama
219	2	In the "Archie" comics, who was Jughead's first girlfriend?	Joani
220	2	In the "Call Of Duty: Zombies" map "Der Riese", what is the name of the "Pack-A-Punched PPSH-41"?	The Reaper
221	2	In the "Kagerou Daze" series, Shintaro Kisaragi is prominently shown with the color red.	True
222	2	In the "PAYDAY" series, what is the real name of the character known as "Dallas"?	Nathan Steele
223	2	In the "Pikmin" games, which of the following pikmin colors lacks it's own "Onion" nest?	Purple
224	2	In the "Pikmin" series, what is the only pikmin type to possess visible ears?	Yellow
225	2	In the "Re:Zero" manga series, which of the following Sin Archbishops eats Rem's existence?	Ley Batenkaitos
226	2	In the "Toaru Majutsu no Index" anime, Touma Kamijou is a level 0 esper that has the ability to do what?	Dispell any esper or magical powers
227	2	In the 1979 British film "Quadrophenia" what is the name of the seaside city the mods are visiting?	Brighton
228	2	In the 1986 film "The Wraith", what concept car is used for the Turbo Interceptor?	Dodge M4S
229	2	In the 1992 film "Army of Darkness", what name does Ash give to his double-barreled shotgun?	Boomstick
230	2	In the 2015 RPG "Undertale", which character do you first encounter after falling down into the underground?	Flowey
231	2	In the ARPG "Path of Exile," what is the highest amount of sockets that an item can have?	6
232	2	In the Disgaea series, any character can equip any weapon.	False
233	2	In the Half-Life series, Gordon Freeman's signature weapon is a:	Crowbar
234	2	In the Halo series, what fleet was Thel 'Vadam supreme commander of before being branded an Arbiter?	Fleet of Particular Justice
235	2	In the Kingdom Hearts series, which is not an optional boss you can fight?	Master Yen Sid
236	2	In the Marvel comic "The Superior Spider-Man", Peter Parker's body is taken over by which character?	Otto Octavius 
237	2	In the Portal series of games, who was the founder of Aperture Science?	Cave Johnson
238	2	In the Season 1 SpongeBob Squarepants episode, "Help Wanted," the song "Living in the Sunlight" by Tiny Tim can be heard.	True
239	2	In the TV series "Person of Interest", who plays the character "Harold Finch"?	Michael Emerson
240	2	In the TV show "Cheers", Sam Malone was a former relief pitcher for which baseball team?	Boston Red Sox
241	2	In the TV show "Rick and Morty", Rick uses the catchphrase "Wubba Lubba Dub Dub", which means what in Birdperson?	I am in great pain, please help me.
242	2	In the Video Game, Half-life, what type of US military force starts clearing out the Black Mesa Research Facility?	The HECU
243	2	In the anime series "Full Metal Alchemist", what do Alchemists consider the greatest taboo?	Human Transmutation 
244	2	In the anime, "Fullmetal Alchemist", who is known as the 'Flame Alchemist'?	Roy Mustang
245	2	In the beta version of the 1986 game "The Legend of Zelda", players have the choice between a sword and what other item?	Boomerang 
246	2	In the game "Destiny," the three subclasses of the Hunter are Bladedancer, Nightstalker, and Sunsinger.	False
247	2	In the game "Melty Blood Actress Again Current Code", you can enter Blood Heat mode in Half Moon style.	False
248	2	In the game "Persona 4", what is the canonical name of the protagonist?	Yu Narukami
249	2	In the game "Subnautica", a "Cave Crawler" will attack you.	True
250	2	In the game "Subnautica", a "Spadefish" will attack you.	False
251	2	In the game "Until Dawn" Emily is the only playable character who can be killed by another playable character directly.	True
252	2	In the game Cry of Fear, which enemy can cause the player to kill themselves if they are wielding a loaded firearm?	Drowned
253	2	In the game Dark Souls, what is the name of the region you're in for the majority of the game?	Lordran
254	2	In the game Minecraft, how many iron ingots are required to make an iron golem?	36
255	2	In the game Nuclear Throne, what character is only usable in a play through with Melting?	Skeleton
256	2	In the game Nuclear Throne, what organization chases the player character throughout the game?	The I.D.P.D
257	2	In the game Overwatch, which hero out of the following 4 is from Brazil?	Lucio
258	2	In the game Warframe, what is the type of fish that is known to eat unwary natives of Cetus?	Sharrac
259	2	In the metal band Slipknot, there are 9 members, which member labelled themselves number 6? 	Shawn Crahan (Clown)
260	2	In the original "Super Mario Bros.", what is the acceleration of Mario if he was in free fall?	91.28 m/s^2
261	2	In the original Mega Man series, who is Mega Man's arch nemesis?	Dr. Wily
262	2	In the original Star Wars: A New Hope, Han Solo is the first to shoot his blaster in a conversation with Greedo.	True
263	2	In the play Oedipus Rex, Oedipus kills his father due to jealousy in loving his mother.	False
264	2	In the second-generation Pokemon games, which Pokemon can you start with?	Chikorita, Cyndaquil, and Totodile
265	2	In the show "Fat Albert and the Cosby Kids", what is the name of the characters' fictional gang?	The Junkyard Gang
266	2	In the title of the game "Luigi's Mansion", what is the only letter to not appear with a pair of eyes in it?	s
267	2	In the video game "League of Legends" which character is known as "The Sinister Blade"?	Katarina
268	2	In the video game "Team Fortress 2", which class is able to double jump?	Scout
269	2	In the video game Team Fortress 2, which of these is NOT a primary?	Medigun
270	2	In the video game, Half-life, what event started the Half-life universe as we know today?	The Resonance Cascade
271	2	In the webcomic Homestuck, the first character introduced is Dave Strider.	False
272	2	In the words of his 1973 song, Bob Dylan is "knock, knock, knockin" on which door?	Heaven's
273	2	In what year did Microsoft release the original Xbox console in North America?	2001
274	2	In what year was the first Transformers movie released?	1986
275	2	In what year was the game "FTL: Faster Than Light" released?	2012
276	2	In which 1955 film does Frank Sinatra play Nathan Detroit?	Guys and Dolls
277	2	In which movie does Robin Williams' character have to disguise themselves into a woman?	Mrs. Doubtfire
278	2	In which order do you need to hit some Deku Scrubs to open the first boss door in "Ocarina of Time"?	2, 3, 1
279	2	Kanye West's "Gold Digger" featured which Oscar-winning actor?	Jamie Foxx
280	2	Krusty is the guild master of which guild in "Log Horizon"?	D. D. D
281	2	M.U.G.E.N. is the name for what type of Game Engine?	Fighting Game
282	2	Madonna's song "Hung Up" includes a piece from which popular 70s song?	Gimmie! Gimmie! Gimme! (A Man After Midnight)
283	2	Marilyn Monroe was born on July 1, 1926.	False
284	2	Mark Wahlberg played the titular character of which 2008 video-game adaptation?	Max Payne
285	2	Marvel vs Capcom 2: New age of Heroes was released in what year?	2000
286	2	Meryl Silverburgh, a video game character from the Metal Gear series, was originally a character in which game?	Policenauts
287	2	Metal Gear Solid V: The Phantom Pain runs on the Fox Engine.	True
288	2	Minecraft wasn't the original name to Minecraft.	True
289	2	Named after a character he played in a 1969 film, what is the name of the ski resort in Utah that Robert Redford bought in 1968?	Sundance
290	2	Nickelodeon is owned by what parent company?	Viacom
291	2	On the NBC show Community, whose catch-phrase was "Pop! Pop!"?	Magnitude
292	2	On which Beatles album would you find the song 'Eleanor Rigby'?	Revolver
293	2	Ozzy Osbourne was the lead singer for what metal band?	Black Sabbath
294	2	Pat Cashman, the announcer for Super Smash Brothers: Brawl, also featured prominently in what famous TV show?	Bill Nye the Science Guy
295	2	Pearl Jam was originally named after which sports figure?	Mookie Blaylock
296	2	Pete Townshend's solo album, "White City: A Novel", is set in the metropolitan area of Chicago.	False
297	2	Samuel L. Jackson had the words, 'Bad Motherf*cker' in-scripted on his lightsaber during the filming of Star Wars.	True
298	2	Satella in "Re:Zero" is the witch of what?	Envy
299	2	Saul Hudson (Slash) of the band Guns N' Roses is known for playing what type of guitar?	Les Paul Standard
300	2	Sean Bean voices the character of "Martin Septim" in which Elder Scrolls game?	The Elder Scrolls IV: Oblivion
301	2	Sean Connery wasn't in "Indiana Jones and the Kingdom of the Crystal Skull" because he found retirement too enjoyable.	True
302	2	Sting, the lead vocalist of The Police, primarily plays what instrument?	Bass Guitar
303	2	Super Mario Bros. was the first video game ever created.	False
304	2	The "Day of Defeat" series of games take place during which war?	World War II
305	2	The "Pepe" meme originated from a comic drawn by Matt Furie called "Boy's Club"?	True
306	2	The "Psycho" series of videos on YouTube was created by which of the following?	RiDGiD STUDiOS
307	2	The 1969 Frank Sinatra Song "My Way" was ironically not written by him.	True
308	2	The 2002 film "28 Days Later" is mainly set in which European country?	United Kingdom
309	2	The ADAM collecters in the Bioshock series are known as Little Sisters.	True
310	2	The Beatles' band name was inspired by the band The Crickets.	True
311	2	The Bracken from Lethal Company is also known as:	The Flower Man
312	2	The Kerbol System (from Kerbal Space Program) includes a Saturn analogue.	False
313	2	The Mann Co. Store from Team Fortress 2 has the slogan "We hire mercenaries and get in fights".	False
314	2	The PlayStation was originally a joint project between Sega and Sony that was a Sega Genesis with a disc drive.	False
315	2	The Proclaimers - I'm Gonna Be (500 Miles) reached what position on the US Hot 100 Charts in 1993?	3rd
316	2	The Queen song `A Kind Of Magic` is featured in which 1986 film?	Highlander
317	2	The White Ranger was the leader of the Power Rangers.	True
318	2	The World Chess Championship in Chess, Act 1 is set in which Italian city?	Merano
319	2	The alternative rock band, They Might Be Giants, released their album 'Flood' in 1990. 	True
320	2	The animated film "Spirited Away" won the Academy Award for Best Animated Feature at the 75th Academy Awards in 2003.	True
321	2	The anime Attack on Titan was directed by Tetsuro Araki, the same person who directed the anime Highschool of the Dead.	True
322	2	The band STRFKR was also briefly known as Pyramiddd.	True
323	2	The board game Monopoly takes its street names from which real American city?	Atlantic City, New Jersey
324	2	The city of Rockport is featured in which of the following video games?	Need for Speed: Most Wanted (2005)
325	2	The composition "1812 Overture" by Tchaikovsky symbolized the War of 1812 between the United States, and Great Britain.	False
326	2	The cover of The Beatles album "Abbey Road" featured a Volkswagen Beetle in the background.	True
327	2	The first "Metal Gear" game was released for the PlayStation 1.	False
328	2	The first Maxis game to feature the fictional language "Simlish" was The Sims (2000).	False
329	2	The game "Pocket Morty" has a Morty called "Pocket Mortys Morty"?	True
330	2	The games Cry of Fear, Natural Selection and Counter-Strike were originally mods for what video game?	Half-Life
331	2	The main protagonist of the fifth part of JoJo's Bizarre Adventure is which of the following?	Giorno Giovanna
332	2	The musical "Dirty Rotten Scoundrels" is set in what country?	France
333	2	The protagonist of the hit game, Half-Life 2 is called:	Gordon Freeman
334	2	The retail disc of Tony Hawk's Pro Skater 5 only comes with the tutorial.	True
335	2	The show "Gilligan's Island" was cancelled because of low ratings.	False
336	2	The song "Caramelldansen" is commonly mistaken as a Japanese song, what language is the song actually sung in?	Swedish
337	2	The song "Twin Size Mattress" was written by which band?	The Front Bottoms
338	2	The starting pistol of the Terrorist team in a competitive match of Counter Strike: Global Offensive is what?	Glock-18
339	2	The stuffed tiger in Calvin and Hobbes is named after what philosopher?	Thomas Hobbes
340	2	The success of DC Comics' Swamp Thing, Sandman, and other books in a similar style, led to the creation of what new imprint in 1993?	Vertigo
341	2	The theme for the popular science fiction series "Doctor Who" was composed by who?	Ron Grainer
342	2	The two main characters of "No Game No Life", Sora and Shiro, together go by what name?	Blank
343	2	This movie contains the quote, "Houston, we have a problem."	Apollo 13
344	2	Toby Fox's "Megalovania" was first used where?	Radiation's Earthbound Halloween Hack
345	2	Tony Hawk's Pro Skater was released in 1999.	True
346	2	Townsend Coleman provided the voice for which turtle in the original 1987 series of "Teenage Mutant Ninja Turtles"?	Michelangelo
347	2	Tupac Shakur died due to complications from being stabbed in 1996.	False
348	2	Velma Kelly and Roxie Hart are the protagonists of which Oscar winning movie?	Chicago
349	2	Waylon Smithers from "The Simpsons" was originally black when he first appeared in the series.	True
350	2	What NBC sitcom once saw two of its characters try to pitch NBC on a sitcom about nothing?	Seinfeld
351	2	What Nationality is D.Va from Overwatch?	Korean
352	2	What Queen song plays during the final fight scene of the film "Hardcore Henry"?	Don't Stop Me Now
353	2	What Touhou Project character's first ever appearance was as a midboss in the eighth game, Imperishable Night?	Tewi Inaba
354	2	What album did The Lumineers release in 2016?	Cleopatra
355	2	What animal is on Link's pajamas in The Legend of Zelda: The Wind Waker?	Crawfish
356	2	What animated internet character is known to answer emails with his boxing gloves?	Strong Bad
357	2	What are Sans and Papyrus named after in "Undertale"?	Fonts
358	2	What breed of dog was Marley in the film "Marley & Me" (2008)?	Labrador Retriever
359	2	What caused Jake Lloyd who played Anakin Skywalker in The Phantom Menace to quit acting?	Bullying
360	2	What collaborative album was released by Kanye West and Jay-Z in 2011?	Watch the Throne
361	2	What country did Shirley Bassey originate from?	Wales
362	2	What country is Sean Matsuda from in Street Fighter?	Brazil
363	2	What date is referenced in the 1971 song "September" by Earth, Wind & Fire?	21st of September
364	2	What do you declare in Richi Mahjong when you've drawn your winning tile?	Tsumo
365	2	What does TIE stand for in reference to the TIE Fighter in "Star Wars"?	Twin Ion Engine
366	2	What episode of "Mr. Bean" saw him trying to prevent people from seeing him naked?	Mr. Bean in Room 426
367	2	What happens when you roll 3 doubles in a row in Monopoly?	Go to jail
368	2	What historical time period was the center of the Assassin's Creed movie (2016)?	Spanish Inquisition
369	2	What is Gatomon's name in the original Japanese version of Digimon Adventure?	Tailmon
370	2	What is Homestuck character Gamzee's last name?	Makara
371	2	What is Meg's full name in "Family Guy"?	Megatron Griffin
372	2	What is a Tetris piece called?	Tetromino
373	2	What is not a playable race in "Final Fantasy XIV: A Realm Reborn"?	Hume
374	2	What is the British term for a 64th note?	Hemidemisemiquaver
375	2	What is the Klingon's afterlife called?	Sto-vo-kor
376	2	What is the alter-ego of the DC comics character "Superman"?	Clark Kent
377	2	What is the canonical name of the Persona 4 protagonist?	Yu Narukami
378	2	What is the correct phrase for the Latin saying "Romanes Eunt Domus" in Monty Python's Life of Brian?	Romani Ite Domum
379	2	What is the first Sony PlayStation console that runs on CD?	PS
380	2	What is the full first name of the babysitter in Calvin and Hobbes?	Rosalyn
381	2	What is the hardest possible difficulty in "Deus Ex: Mankind Divided"?	I Never Asked For This
382	2	What is the highest level that you can reach in "The Elder Scrolls 4: Oblivion" without considering skill levels, class, and birthsign?	50
383	2	What is the last name of the primary female protagonist of Final Fantasy VIII?	Heartilly
384	2	What is the last song on the first Panic! At the Disco album?	Build God, Then We'll Talk
385	2	What is the main ship used by Commander Shepard in the Mass Effect Franchise called?	Normandy
386	2	What is the name of Death Grips Front Man, MC Ride?	Stefan Burnett
387	2	What is the name of Funny Valentine's stand in Jojo's Bizarre Adventure Part 7, Steel Ball Run?	Dirty Deeds Done Dirt Cheap
388	2	What is the name of JoJo's Bizarre Adventure Part 5?	Vento Aureo
389	2	What is the name of the corgi in Cowboy Bebop?	Einstein
390	2	What is the name of the dog that played Toto in the 1939 film "The Wizard of Oz"?	Terry
391	2	What is the name of the infamous pachinko machine from "Kaiji"?	The Bog
392	2	What is the name of the island that "Jurassic Park" is built on?	Isla Nublar
393	2	What is the name of the main character of the anime "One-Punch Man"?	Saitama
394	2	What is the name of the protagonist of Life Is Strange?	Max Caulfield
395	2	What is the name of the queen's pet in A Bug's Life?	Aphie
396	2	What is the name of the second studio album released by American rapper Post Malone in 2018?	Beerbongs & Bentleys
397	2	What is the name of the villian in the 2015 Russian-American Sci-Fi Movie "Hardcore Henry"?	Akan
398	2	What is the only Generation III Pokemon whose name begins with the letter I?	Illumise
399	2	What is the punishment for playing Postal 2 in New Zealand?	10 years in prison and a fine of $50,000
400	2	What is the real hair colour of the mainstream comic book version (Earth-616) of Daredevil?	Blonde
401	2	What is the real name of American rapper Pitbull?	Armando Christian Perez
402	2	What is the species of the "Predator" in the 1987 movie "Predator"?	Yautja
403	2	What is the sum of all the tiles in a standard box of Scrabble?	187
404	2	What is the title of song on the main menu in Halo?	Halo
405	2	What is the world's oldest board game?	Senet
406	2	What kind of instrument is a "Mandolin"?	String
407	2	What minimum level in the Defence skill is needed to equip Dragon Armour in the MMO RuneScape?	60
408	2	What mutated animals act as monsters in the movie 'Night of the Lepus'?	Rabbits
409	2	What name does the little headcrab in "Half Life 2" have?	Lamarr
410	2	What otherworldly land does Thor come from?	Asgard
411	2	What song includes the words "Numa Numa" which was subject to a Viral Video in 2004?	Dragostea Din Tei
412	2	What song is played during the ending credits of Guitar Hero: World Tour?	Dream Theater - Pull Me Under
413	2	What song on ScHoolboy Q's album Black Face LP featured Kanye West?	THat Part
414	2	What system was "Touhou: Highly Responsive to Prayers" released on?	PC-98
415	2	What type is "Magic Drain" in Yugioh! Trading Card Game?	Counter Trap
416	2	What vehicle in PUBG has the highest top speed?	Motorcycle
417	2	What was Frank West's job in "Dead Rising"?	Photojournalist
418	2	What was Raekwon the Chefs debut solo album?	Only Built 4 Cuban Linx
419	2	What was another suggested name for, the 1985 film, Back to the Future?	Spaceman From Pluto
420	2	What was the best selling album of 2015?	Adele, 25
421	2	What was the birthplace of musical artist 'Sir Robert Bryson Hall II' (aka. Logic)?	Maryland, United States
422	2	What was the character Kirby originally going to be named?	Popopo
423	2	What was the first Game released using the Build Engine?	Witchaven
424	2	What was the first James Bond film?	Dr. No
425	2	What was the first music video to be broadcast on MTV?	Video Killed the Radio Star
426	2	What was the first superhero film James Gunn was involved with?	The Specials
427	2	What was the first video game in the Batman "Arkham" series?	Arkham Asylum
428	2	What was the first weapon pack for "PAYDAY 2"?	The Gage Weapon Pack #1
429	2	What was the name of Marilyn Monroe's first husband?	James Dougherty
430	2	What was the name of Pink Floyd's first studio album?	The Piper at the Gates of Dawn
431	2	What was the name of Ross' pet monkey on "Friends"?	Marcel
432	2	What was the name of the protagonist in Portal and Portal 2?	Chell
433	2	What was the name of the protagonist in the movie Commando (1985)?	John Matrix
434	2	What was the name of the sea witch in the 1989 Disney film "The Little Mermaid"?	Ursula
435	2	What was the original name of  "Minecraft"?	Cave Game
436	2	What was the progressive rock band Rush's first single?	Not Fade Away
437	2	What was the religion of famous singer "Freddie Mercury"?	Zoroastrianism
438	2	What was the title of Sakamoto Kyu's song "Ue o Muite Arukou" (I Look Up As I Walk) changed to in the United States?	Sukiyaki
439	2	What year did "Attack on Titan" first air?	2013
440	2	What year did radio icon Howard Stern start a job at radio station WNBC?	1982
441	2	What year did the James Cameron film "Titanic" come out in theaters?	1997
442	2	What year did the television company BBC officially launch the channel BBC One?	1936
443	2	What year was Huun Huur Tu's album Altai Sayan Tandy-Uula released? 	2004
444	2	What year was Netflix founded?	1997
445	2	What year was Red Hot Chill Pepper's album "Californication" released?	1999
446	2	What year was the video game streaming platform TwitchTV founded?	2011
447	2	What's the name of Batman's parents?	Thomas & Martha
448	2	What's the name of the main protagonist in the "Legend of Zelda" franchise?	Link
449	2	What's the weakness of american vampires (Scott Snyder's American Vampire)?	Gold
450	2	When did Spongebob Squarepants first air?	May 1, 1999
451	2	When does "Rogue One: A Star Wars Story" take place chronologically in the series?	Between Episode 3 and 4
452	2	When was "Garry's Mod" released?	December 24, 2004
453	2	When was Gangnam Style uploaded to YouTube?	2012
454	2	When was the top-down online RPG "Space Station 13" released?	2003
455	2	Where did the British Boy Band "Bros" come from?	Camberley
456	2	Where was Kanye West born?	Atlanta, Georgia
457	2	Which "Call Of Duty: Zombies" map introduced the "Staffs Of The Ancients"?	Origins
458	2	Which "Toy Story" character was voiced by Don Rickles?	Mr. Potato Head
459	2	Which 'Family Guy' character got his own spin-off show in 2009?	Cleveland Brown
460	2	Which Batman sidekick is the son of Talia al Ghul?	Damian Wayne
461	2	Which Beatle led the way across the zebra crossing on the Abbey Road album cover?	John
462	2	Which Beatle wrote and sang the song "Why Don't We Do It in the Road" after being inspired by seeing two monkeys copulating in the street?	Paul
463	2	Which CS:GO eSports team won the major event ESL One Cologne 2016?	SK Gaming
464	2	Which Dota 1 hero changed gender when ported to Dota 2?	Legion Commander
465	2	Which Elite Four member from the first generation of Pokemon became the champion in the next generation?	Lance
466	2	Which European capital city gives its name to a 1981 song by Ultravox?	Vienna
467	2	Which Greek letter represents the "Half-Life" logo?	Lambda
468	2	Which Manchester nightclub was considered central to the 'Madchester' music scene in the late 80's?	The Hacienda
469	2	Which Overwatch character says the line "Heroes never die!"?	Mercy
470	2	Which Queen song was covered by Brittany Murphy in the 2006 film "Happy Feet"?	Somebody to Love
471	2	Which Sonic the Hedgehog game introudced Knuckles the Echidna?	Sonic the Hedgehog 3
472	2	Which Touhou character is a Hell Raven?	Utsuho Reiuji
473	2	Which WWF wrestler had the nickname "The Ayatollah of Rock 'N' Rolla"?	Chris Jericho
474	2	Which actor plays the role of the main antagonist in the 2011 movie "Tower Heist?"	Alan Alda
475	2	Which actors made up the trio in "The Good, the Bad, and the Ugly"? 	Clint Eastwood, Eli Wallach, and Lee Van Cleef
476	2	Which actress portrayed Dr. Grace Augustine in the James Cameron movie "Avatar"?	Sigourney Weaver
477	2	Which album was released by Kanye West in 2013?	Yeezus
478	2	Which alternative rock band released the critically-acclaimed album "OK Computer"?	Radiohead
479	2	Which animated film did Steven Lisberger direct in 1980 before going on to direct Tron?	Animalympics
480	2	Which animation studio animated "Hidamari Sketch"?	Shaft
481	2	Which animation studio produced "Sword Art Online"?	A-1 Pictures
482	2	Which animation studio produced the anime adaptation of "xxxHolic"?	Production I.G
483	2	Which artists' version of the song "The Tide is High" came first?	The Paragons
484	2	Which boxing personality was one of the presenters in the 1999 revival of It's a Knockout?	Frank Bruno
485	2	Which car did not appear in the 2002 Lego Game: Drome Racers?	Wasp
486	2	Which chain restaurant increased sales after it was mentioned in the 2016 Beyonce song: "Formation"?	Red Lobster
487	2	Which character from the Mega Man series made a small cameo on Volt Catfish's introduction scene in CD versions of Mega Man X3?	Auto
488	2	Which character in Undertale tells you that you're "gonna have a bad time"?	Sans
489	2	Which character was played by Dustin Diamond in the sitcom 'Saved by the Bell'?	Screech
490	2	Which city is the American singer "Pitbull" from?	Miami
491	2	Which classical composer wrote the "Moonlight Sonata"?	Ludvig Van Beethoven
492	2	Which company developed and published Game Dev Tycoon?	Greenheart Games
493	2	Which company did Gabe Newell work at before founding Valve Corporation?	Microsoft
494	2	Which country does the YouTuber "SinowBeats" originate from?	Scotland
495	2	Which country is featured in Ace Combat 5: The Unsung War?	Osea
496	2	Which eSports team came first place in The International Dota 2 Championship 2016?	Wings Gaming
497	2	Which football player is featured on the international cover version of the video game FIFA 16?	Lionel Messi
498	2	Which former boy-band star released hit solo single "Angels" in 1997?	Robbie Williams
499	2	Which franchise had a special event hosted in the popular MMORPG Final Fantasy XIV: A Realm Reborn?	Yo-kai Watch
500	2	Which game did "Sonic The Hedgehog" make his first appearance in?	Rad Mobile
501	2	Which game in the "Halo" series has the strongest iteration of the shotgun?	Halo: Combat Evolved
502	2	Which genre of Hip Hop does MC Frontalot rap?	Nerdcore
503	2	Which iconic character is featured in movies such as "The Enforcer", "Sudden Impact", and "The Dead Pool"?	Dirty Harry
504	2	Which member of "The Beatles" narrated episodes of "Thomas the Tank Engine"?	Ringo Starr
505	2	Which movie did NOT feature the late actor John Candy?	Ghostbusters
506	2	Which movie includes a giant bunny-like spirit who has magic powers including growing trees?	My Neighbor Totoro
507	2	Which music artist made the songs "Heart", "It's a Sin", and "West End Girls"?	Pet Shop Boys
508	2	Which of the Beatles band members is barefoot on the front cover of the 'Abbey Road' album?	Paul McCartney
509	2	Which of the following Pokemon games released first?	Pokemon Crystal
510	2	Which of the following actors portrayed the Ninth Doctor in the British television show "Doctor Who"?	Christopher Eccleston
511	2	Which of the following has Jennifer Taylor NOT voiced?	Sarah Kerrigan
512	2	Which of the following is not a color of mana in Magic: The Gathering?	Yellow
513	2	Which of the following is not a piece from the 1950's musical West Side Story?	The Back Alley
514	2	Which of the following is not a prosecutor in the "Ace Attorney" video game series?	Jake Marshall
515	2	Which of the following movies was not based on a book?	Citizen Kane
516	2	Which of the following songs did Elton John perform following Princess Diane's passing?	Candles in the Wind
517	2	Which of the following weapons in "Counter-Strike: Global Offensive" does not have a right-click function?	XM1014
518	2	Which of these Fortnite emotes does NOT involve a sport in some way?	Freestylin'
519	2	Which of these Queen songs were sampled for the baseline in Vanilla "Ice's Ice Ice Baby?"	Under Pressure
520	2	Which of these TrackMania environments was NOT in the original game?	Bay
521	2	Which of these anime have over 7,500 episodes?	Sazae-san
522	2	Which of these artists did NOT remix the song "Faded" by Alan Walker?	Skrillex
523	2	Which of these artists has Lil A collaborated with?	Lil Fortnite
524	2	Which of these artists has NOT been a member of dancehall group Major Lazer?	Skrillex
525	2	Which of these bands is the oldest?	Pink Floyd
526	2	Which of these blocks in "Minecraft" has the lowest blast resistance?	Sand
527	2	Which of these board games do NOT utilize standard 6-sided dice?	The Game of Life
528	2	Which of these cartoon girlfriends of popular characters first appeared before their boyfriends?	Olive Oyl
529	2	Which of these characters does not appear in "Nier: Automata"?	A1
530	2	Which of these characters from "SpongeBob SquarePants" is not a squid?	Gary
531	2	Which of these games was NOT developed by Markus Persson?	Dwarf Fortress
532	2	Which of these is NOT a faction included in the game Counter-Strike: Global Offensive?	BOPE
533	2	Which of these is NOT a name of a playable character in Apex Legends?	Viper
534	2	Which of these is NOT a name of an album released by American rapper Pitbull?	Welcome to Miami
535	2	Which of these is NOT a playable character race in the video game "Starbound"?	Fenerox
536	2	Which of these is NOT a song featured on the Lockjaw EP released in 2013 by Flume & Chet Faker?	Left Alone
537	2	Which of these is NOT a team available in the game Pokemon Go?	Team Rocket
538	2	Which of these is NOT an album released by The Beatles?	The Wall
539	2	Which of these is NOT considered a woodwind instrument?	Trombone
540	2	Which of these is NOT the name of a rival gang in the video game Saint's Row 2?	The Zin Empire
541	2	Which of these is NOT the name of an album released by English singer-songwriter Adele?	12
542	2	Which of these is not a character in the game, "Lethal League"?	Rex
543	2	Which of these is not a song on the album Graduation by Kanye West?	Waves
544	2	Which of these is not one of Dracula's relics found in the video game "Castlevania II: Simon's Quest"?	The Tooth
545	2	Which of these is not the name of a city in the Grand Theft Auto series?	San Andreas
546	2	Which of these is the name of a cut enemy from "Half-Life 2"?	Hydra
547	2	Which of these is the name of an American psychedelic rock band formed in 2002 by Benjamin Goldwasser and Andrew VanWyngarden?	MGMT
548	2	Which of these musicals won the Tony Award for Best Musical?	Rent
549	2	Which of these songs does NOT play during the Ruins segments of the 2015 game "Undertale"?	Another Medium
550	2	Which of these songs is not by Tatsuro Yamashita?	Lucky Lady Feel So Good 
551	2	Which one of these "Mortal Kombat" characters has been playable in every single mainline game?	Sub-Zero
552	2	Which one of these Pink Floyd albums were also a movie?	The Wall
553	2	Which one of these artists appears in the album Deltron 3030?	Dan the Automater
554	2	Which one of these films are shot entirely in one-take?	Russian Ark
555	2	Which one of these was not a member of the Fiendish Five in the game Sly Cooper and the Thievius Raccoonus?	Dimitri Lousteau
556	2	Which planet did Superman come from?	Krypton
557	2	Which pop singer was brought in by SEGA to produce the music for "Sonic the Hedgehog 3"?	Michael Jackson 
558	2	Which popular First Person Shooter (FPS) franchise, got a Real Time Strategy (RTS) game developed based on its universe?	Halo
559	2	Which puzzle game was designed by a Russian programmer, featuring Russian buildings and music?	Tetris
560	2	Which radio personality calls himself "The King of All Media"?	Howard Stern
561	2	Which rock band released the album "The Bends" in March 1995?	Radiohead
562	2	Which singer provided the voice of Metroid's Mother Brain in the animated series "Captain N: The Game Master"?	Levi Stubbs
563	2	Which song is not by TheFatRat?	Ascent
564	2	Which song made by MAN WITH A MISSION was used as the opening for the anime "Log Horizon"?	"Database"
565	2	Which song previously recorded by Elvis Presley was covered by UB40 with a reggae beat?	Can't Help Falling in Love
566	2	Which stand-up comedian voiced the talking parrot "Iago" in Disney's 1992 adaptation of Aladdin?	Gilbert Gottfried
567	2	Which survivor in Left 4 Dead sacrificed themself to save the other survivors?	Bill
568	2	Which team won the first Overwatch League championship?	London Spitfire
569	2	Which term best describes the connection of two sections of a musical piece through a transitional passage?	Bridge
570	2	Which was the first of Alfred Hitchcock's movies to be filmed in colour?	Rope
571	2	Which weapon that was cut from the game "Half Life 2" was going to replace the crowbar?	Ice Axe
572	2	Who authored The Adventures of Tintin?	Herge
573	2	Who designed the album cover for True Romance, an album by Estelle?	Rebecca Sugar
574	2	Who directed the 2015 movie "The Revenant"?	Alejandro G. Inarritu
575	2	Who directed the movie "Alien"?	Ridley Scott
576	2	Who had a 1976 hit with the song 'You Make Me Feel Like Dancing'?	Leo Sayer
577	2	Who had a US and UK number 1 hit in 1962 with the instrumental, 'Telstar'?	The Tornados
578	2	Who had hits in the 70s with the songs "Lonely Boy" and "Never Let Her Slip Away"?	Andrew Gold
579	2	Who in this list is one of the co-founders of Valve?	Gabe Newell
580	2	Who is "James Rolfe" better known as?	The Angry Video Game Nerd
581	2	Who is Batman?	Bruce Wayne
582	2	Who is the character you play as in Yume Nikki?	Madotsuki
583	2	Who is the creator of the comic series "The Walking Dead"?	Robert Kirkman
584	2	Who is the frontman of Muse?	Matt Bellamy
585	2	Who is the main character in One Piece?	Luffy
586	2	Who is the main character in most of the games of the YS series?	Adol Christin 
587	2	Who is the main character of the game series "Ace Attorney" ?	Phoenix Wright
588	2	Who is the main protagonist in Danganronpa 2: Goodbye Despair?	Hajime Hinata
589	2	Who is the main villain of the Crash Bandicoot series?	Dr. Neo Cortex
590	2	Who is the musical director for the award winning musical "Hamilton"?	Alex Lacamoire
591	2	Who is the protagonist in the game "The Walking Dead: Season One"?	Lee Everett
592	2	Who is the star of the AMC series Breaking Bad?	Walter White
593	2	Who is the victim mentioned in the second KG-8 incident, in Ace attorney Investigations, Case 4?	Deid Mann
594	2	Who out of these actresses is the youngest?	Kiernan Shipka
595	2	Who performed the guitar solo on Michael Jackson's hit "Beat It"?	Eddie Van Halen
596	2	Who played Sgt. Gordon Elias in 'Platoon' (1986)?	Willem Dafoe
597	2	Who played the Cenobite called "Pinhead" in the original Hellraiser films?	Doug Bradley
598	2	Who plays protagonist Ethan Hunt in the "Mission: Impossible" film-series?	Tom Cruise
599	2	Who starred in the film 1973 movie "Enter The Dragon"?	Bruce Lee
600	2	Who was given the title "Full Metal" in the anime series "Full Metal Alchemist"?	Edward Elric
601	2	Who was the first ever actor to play "The Doctor" on "Doctor Who"?	William Hartnell
602	2	Who was the first female protagonist in a video game?	Samus Aran
603	2	Who was the guitarist in the band "The Doors"?	Robby Krieger
604	2	Who was the youngest member of The Beatles?	George Harrison
605	2	Who was walking like an Egyptian in 1981?	The Bangles
606	2	Who won the 1989 Drum Corps International championships?	Santa Clara Vanguard
607	2	Who wrote the Batman comic series "The Killing Joke"?	Alan Moore
608	2	Who wrote the Sinead O`Connor hit 'Nothing Compares 2 U'?	Prince
609	2	Who wrote the lyrics for Leonard Bernstein's 1957 Brodway musical West Side Story?	Stephen Sondheim
610	3	"Yes, America Can!" was this United States politician's de facto campaign slogan in 2004.	George W. Bush
611	3	A collection of Sanskrit hymns and verses known as the Vedas are sacred texts in what religion?	Hinduism
612	3	According to legend, the ancient Greeks constructed a huge wooden model of which animal to gain entrance to Troy?	Horse
613	3	Between 1973 to 1990, what country was ruled by dictator Augusto Pinochet?	Chile
614	3	Brazil used to be an empire.	True
615	3	Despite being seperated into multiple countries, The Scandinavian countries are unified by all having the same monarch.	False
616	3	Donald Trump won the popular vote in the 2016 United States presidential election.	False
617	3	During the Wars of the Roses (1455 - 1487) which Englishman was dubbed "the Kingmaker"?	Richard Neville
618	3	During what war did the "Cuban Missile Crisis" occur?	Cold War
619	3	From 1940 to 1942, what was the capital-in-exile of Free France ?	Brazzaville
620	3	How long did the Warsaw Uprising during World War II last?	63 Days
621	3	In 1547 who became the 1st Tsar of Russia	Ivan the Terrible
622	3	In France, a hunting license or a sport-shooting license is needed to purchase any firearm.	True
623	3	In World War I, what was the name of the alliance of Germany, Austria-Hungary, the Ottoman Empire, and Bulgaria?	The Central Powers
624	3	In World War ll, Great Britian used inflatable tanks on the ports of Great Britain to divert Hitler away from Normandy/D-day landing.	True
625	3	In what year did Neil Armstrong and Buzz Aldrin land on the moon?	1969
626	3	In what year did William the Conqueror take control of England?	1066
627	3	In what year did the Battle of Verdun take place?	1916
628	3	In what year did the nuclear power plant in Chernobyl melt down?	1986
629	3	In what year was the video game company Electronic Arts founded?	1982
630	3	In which war did the atomic bombings of Hiroshima and Nagasaki occur?	World War II
631	3	Joseph Stalin had a criminal past doing what?	Robbing Trains
632	3	List the following Iranic empires in chronological order:	Median, Achaemenid, Parthian, Sassanid
633	3	On which day did ARPANET suffer a 4 hour long network crash?	October 27, 1980
634	3	On which day did construction start on "The Pentagon", the headquarters for the United States Department of Defense?	September 11, 1941
635	3	One of the deadliest pandemics, the "Spanish Flu", killed off what percentage of the human world population at the time?	3 to 6 percent
636	3	The Arab Spring was a series of protests and rebellions that began in which of these Arab nations?	Tunisia
637	3	The Bohemian Revolt (1618-1620) started after Protestants in Prague did what to their Catholic Lords Regents?	Threw them out of a window
638	3	The Korean War started in what year?	1950
639	3	The Spitfire originated from a racing plane.	True
640	3	The Tsar Bomba, the most powerful nuclear bomb ever tested, had a yield of 50 megatons but theoretically had a maximum yield of how much?	100 Megatons
641	3	The catastrophic nuclear accident that occurred in Ukraine in 1986 occurred at which power plant?	Chernobyl
642	3	The creator of the Enigma Cypher and Machine was of what nationality?	German
643	3	The fraudelent doctor John R. Brinkley acummulated great fame and wealth in the early 1900s offering what service?	Goat testicles transplant
644	3	The ontological argument for the proof of God's existence is first attributed to whom?	Anselm of Canterbury
645	3	The term Luddite originally applied to disgruntled workers in which industry?	Textile
646	3	There was a satirical candidate named "Deez Nuts" running in the 2016 US presidential elections.	True
647	3	Toussaint Louverture led a successful slave revolt in which country?	Haiti
648	3	Under which name was Rodrigo Borgia made Pope?	Alexander VI
649	3	United States President John F. Kennedy was assassinated during his presidential motorcade in Atlanta, Georgia on November 22nd, 1963.	False
650	3	United States President Ronald Reagan was the first president to appoint a woman to the Supreme Court. 	True
651	3	Vatican city is a full member of United Nations.	False
652	3	What are the first names of the first father and son pair that were both Prime Ministers of Canada?	Justin and Pierre
653	3	What battle was the longest in World War I, lasting approximately 303 days?	Battle of Verdun 
654	3	What did the first vending machines in the early 1880's dispense?	Post cards
655	3	What historical event was Tchaikovsky's 1812 Overture referencing?	The Napoleonic Wars
656	3	What is former United States President Bill Clinton's full name?	William Jefferson Clinton
657	3	What was Genghis Khan's real name?	Temujin
658	3	What was Manfred von Richthofen's nickname?	The Red Baron
659	3	What was Napoleon Bonaparte's name before he changed it?	Napoleone di Buonaparte
660	3	What was William Frederick Cody better known as?	Buffalo Bill
661	3	What was the capital of South Vietnam before the Vietnam War?	Saigon
662	3	What was the original name of New York City?	New Amsterdam
663	3	What was the total length of the Titanic?	882 ft | 268.8 m
664	3	What were the first states to break away from Yugoslavia?	Slovenia, Croatia
665	3	What year did World War II end?	1945
666	3	What year did the Battle of Agincourt take place?	1415
667	3	What year was the Italian firearms manufacturer Beretta founded?	1526
668	3	When did Lithuania declare independence from the Soviet Union?	March 11th, 1990
669	3	When did Spanish Peninsular War start?	1808
670	3	When did the Battle of the Bulge end?	January 25, 1945
671	3	When did the British hand-over sovereignty of Hong Kong back to China?	1997
672	3	When was "The Gadget", the first nuclear device to be detonated, tested?	July 16, 1945
673	3	When was the "Siege of Leningrad" lifted during World War II?	January 1944
674	3	When was the United States National Security Agency established?	November 4, 1952
675	3	Which Nation did NOT have a Colony in modern-day North America?	Portugal
676	3	Which Native American tribe/nation requires at least one half blood quantum (equivalent to one parent) to be eligible for membership?	Yomba Shoshone Tribe
677	3	Which U.S. President was in office when the Gulf War began?	George H. W. Bush
678	3	Which country was Josef Stalin born in?	Georgia
679	3	Which day did World War I begin?	July 28
680	3	Which naval battle was considered the turning point of the Pacific Ocean Theater during World War 2?	Battle of Midway
681	3	Which of the following African countries was most successful in resisting colonization?	Ethiopia
682	3	Which of the following Pacific Islander countries is ruled by a constitutional monarchy?	Tonga
683	3	Which of the following ancient Near Eastern peoples still exists as a modern ethnic group?	Assyrians
684	3	Which of the following battles is often considered as marking the beginning of the fall of the Western Roman Empire?	Battle of Adrianople
685	3	Which of the following is not in the Indo-European language family?	Finnish
686	3	Which of the following snipers has the highest amount of confirmed kills?	Simo Hayha
687	3	Which of the following was not one of Joseph Stalin's ten blows during World War II?	Vistula-Oder Offensive
688	3	Which of these facilities was not present on the Titanic?	Fainting room
689	3	Which of these is NOT one of Donald Trump's children?	Julius
690	3	Who assassinated President James A. Garfield?	Charles Guiteau
691	3	Who led France during the "Reign of Terror" ?	Maximilien Robespierre
692	3	Who led the Communist Revolution of Russia?	Vladimir Lenin
693	3	Who was a military strategist in the Eastern Zhou period?	Sun Tzu
694	3	Who was the British Prime Minister at the outbreak of the Second World War in 1939?	Neville Chamberlain
695	3	Who was the British Prime Minister at the outbreak of the Second World War?	Neville Chamberlain
696	3	Who was the Prime Minister of Japan when Japan declared war on the US?	Hideki Tojo
697	3	Who was the first man to travel into outer space?	Yuri Gagarin
698	3	Who was the first president born in the independent United States?	Martin Van Buren
699	3	Who was the first prime minister of Canada?	John Macdonald
700	3	Who was the first ruler of Haiti after the country had gained its independence?	Jean-Jacques Dessalines
701	3	Who was the last Roman emperor in the Year of Four Emperors (69 AD)?	Vespasian
702	4	"Green Eggs And Ham" is a book by which author?	Dr. Seuss
703	4	"Green Eggs and Ham" consists of only 50 different words.	True
704	4	A minotaur is half human half what?	Bull
705	4	According to Bram Stoker's novel, in which British coastal town did Dracula come ashore?	Whitby
706	4	According to Japanese folklore, what is the favorite food of the Kappa.	Cucumbers
707	4	According to The Hitchhiker's Guide to the Galaxy book, the answer to life, the universe and everything else is...	42
708	4	According to the Egyptian Myth of Osiris, who murdered Osiris?	Set
709	4	An Ankh is the Egyptian Hieroglyph for what?	Life
710	4	George Orwell's novel "Animal Farm" was inspired by which historical event?	The rise of communism and Stalin's policies.
711	4	Hera is god of...	Marriage
712	4	In Greek Mythology, who killed Achilles?	Paris
713	4	In Romance of the Three Kingdoms, who was not a member of the Peach Garden Oath?	Zhao Yun
714	4	In The Lies Of Locke Lamora, what does "Lamora" mean in Throne Therin?	Shadow
715	4	In most traditions, who was the wife of Zeus?	Hera
716	4	In the "Harry Potter" novels, what must a Hogwarts student do to enter the Ravenclaw Common Room?	Answer a riddle
717	4	In the "Harry Potter" series, what is Headmaster Dumbledore's full name?	Albus Percival Wulfric Brian Dumbledore
718	4	In the Greek Mythology, the Gorgon can turn those who behold her to stone.	True
719	4	In the Greek Mythology, the god of war is called Mars.	False
720	4	In the Harry Potter universe, who does Draco Malfoy end up marrying?	Astoria Greengrass
721	4	In what Harry Potter book was a Horcrux first encountered?	The Chamber of Secrets
722	4	Painter Piet Mondrian (1872 - 1944) was a part of what movement?	Neoplasticism
723	4	Rannamaari was a sea demon that haunted the people of the Maldives and had to be appeased monthly with the sacrifice of a virgin girl.	True
724	4	Skai is the Norse Goddess of skiing, mountains, winter and bowhunting.	True
725	4	The "Berenstein Bears" is the correct spelling of the educational children's book series' name.	False
726	4	The ancient Roman god of war was commonly known as which of the following?	Mars
727	4	The book "The Little Prince" was written by...	Antoine de Saint-Exupery
728	4	This Greek mythological figure is the god/goddess of battle strategy (among other things).	Athena
729	4	This play is generally considered to be the most adaptable of Shakespeare's works, and follows two "star-crossed lovers".	Romeo and Juliet
730	4	What is the fourth book of the Old Testament?	Numbers
731	4	What is the name of the first human being in Norse mythology?	Ask
732	4	What is the name of the wildman that Gilgamesh befriends and goes on adventures with?	Enkidu
733	4	Where does Stephen King's "IT" take place?	Derry, Maine
734	4	Which Van Gogh painting depicts the view from his asylum in Saint-Remy-de-Provence in southern France?	The Starry Night
735	4	Which art movement was Pablo Picasso known for co-founding?	Cubism
736	4	Which artist is famous for cutting off his ear?	Vincent van Gogh
737	4	Which artist painted "The Treachery of Images," a painting of a pipe with the description "this is not a pipe"?	Magritte
738	4	Which famous book is sub-titled 'The Modern Prometheus'?	Frankenstein
739	4	Which greek god/goddess tossed a golden apple with the words "for the fairest" into the middle of the feast of the gods?	Eris
740	4	Which of the following is not one of the Greek Fates?	Narcissus
741	4	Which of these Roman gods doesn't have a counterpart in Greek mythology?	Janus
742	4	Which of these book series is by James Patterson?	Maximum Ride
743	4	Which of these books was NOT written by the Czech author Karel Capek?	Journey to the Center of the Earth
744	4	Which of these mythological creatures is said to be half-man and half-horse?	Centaur
745	4	Which one of these paintings is not by Caspar David Friedrich?	The Black Sea
746	4	Which time signature is commonly known as "Cut Time?"	2/2
747	4	Who is the Egyptian god of reproduction and lettuce?	Min
748	4	Who is the God Loki's son? 	Fenrir 
749	4	Who painted "The Scream"?	Edvard Munch
750	4	Who painted The Starry Night?	Vincent van Gogh
751	4	Who was the King of Gods in Ancient Greek mythology?	Zeus
752	4	Who was the only god from Greece who did not get a name change in Rome?	Apollo
753	5	"Kamea," the Gilbertese Islander word for dog, is derived from the English phrase "Come here!"	True
754	5	"Windows NT" is a monolithic kernel.	False
755	5	111,111,111 x 111,111,111 = 12,345,678,987,654,321	True
756	5	About what percentage of the Earth's surface is water? 	70%
757	5	An equilateral triangle always has every angle measuring 60.	True
758	5	An organic compound is considered an alcohol if it has what functional group?	Hydroxyl
759	5	Apple was on the verge of bankruptcy in 1997 and was saved by Microsoft	True
760	5	Arriva is owned by the Deutsche Bahn.	True
761	5	At what depth should you make a decompression stop, or safety stop, on a typical scuba dive?	15 Feet / 5 Meters
762	5	Automobiles produced by Tesla Motors operate on which form of energy?	Electricity
763	5	Cats have whiskers under their legs.	True
764	5	Color model CMYK stands for?	Cyan, Magenta, Yellow, and Black
765	5	DHCP stands for Dynamic Host Configuration Port.	False
766	5	Deionized water is water with which of the following removed?	Iron
767	5	E = MC3	False
768	5	Finnish Lapphund dogs were used for herding reindeer.	True
769	5	Folic acid is the synthetic form of which vitamin?	Vitamin B
770	5	How many Millibars (mbar) to 1 Inch of Mercury (inHg)	33.9
771	5	How many bytes are in a single Kibibyte?	1024
772	5	How many laws of thermodynamics are there?	Four
773	5	How many planets are in our Solar System?	Eight
774	5	How many sides does a pentagon have?	5
775	5	How many teeth does the average adult mouth have (except for wisdom teeth)?	32
776	5	How many zeros are there in a googol?	100
777	5	How much horsepower is produced by the SD40-2 Locomotive?	3,000
778	5	If you could fold a piece of paper in half 50 times, its' thickness will be 3/4th the distance from the Earth to the Sun.	True
779	5	If you dip a dry towel into a tub full of water, water will climb up the towel by a phenomenon called "Cartillary Action"	False
780	5	Igneous rocks are formed by excessive heat and pressure.	False
781	5	In "Hexadecimal", what color would be displayed from the color code? "#00FF00"?	Green
782	5	In 1991, Mazda became the first Japanese car manufacturer to win Le Mans.	True
783	5	In 2016, the IUCN reclassified the status of Giant Pandas from endangered to vulnerable.	True
784	5	In HTML, which non-standard tag used to be be used to make elements scroll across the viewport?	<marquee></marquee>
785	5	In aeronautics, flaps and slats are used to control what on an aircraft?	Lift
786	5	In computing terms, typically what does CLI stand for?	Command Line Interface
787	5	In computing, what does MIDI stand for?	Musical Instrument Digital Interface
788	5	In the programming language Java, which of these keywords would you put on a variable to make sure it doesn't get modified?	Final
789	5	Like with the Neanderthals, Homo sapiens sapiens also interbred with the Denisovans.	True
790	5	Microphones can be used not only to pick up sound, but also to project sound similar to a speaker.	True
791	5	Originally used in PCM adapters, what frequency is the standard for sampling audio in the Compact Disc Digital Audio format?	44.1 kHz
792	5	Pneumonoultramicroscopicsilicovolcanoconiosis is a synonym for the disease known as silicosis.	True
793	5	Rabbits can't vomit.	True
794	5	Released in 2001, the first edition of Apple's Mac OS X operating system (version 10.0) was given what animal code name?	Cheetah
795	5	Salt is 100% composed of Sodium.	False
796	5	Sea sponges can have hearts.	False
797	5	Sugar contains fat.	False
798	5	The 'Raspberry Pi' series of single-board computers were created in the United States.	False
799	5	The Earth and the Moon roughly have the same mass.	False
800	5	The Windows 7 operating system has six main editions.	True
801	5	The decimal number 31 in hexadecimal would be what?	1F
802	5	The difference between the lengths of a Boeing 777-300ER and an Airbus A350-1000 is closest to:	0.1m
803	5	The first dual-core CPU was the Intel Pentium D.	False
804	5	The medial meniscus forms which part of what joint in the human body?	Knee
805	5	The medical term for the belly button is which of the following?	Umbilicus
806	5	The moons, Miranda, Ariel, Umbriel, Titania and Oberon orbit which planet?	Uranus
807	5	The notion of a "set that contains all sets which do not contain themselves" is a paradoxical idea attributed to which English philosopher?	Bertrand Russel
808	5	The planet Mars has two moons orbiting it.	True
809	5	The set of all algebraic numbers is countable.	True
810	5	The word "science" stems from the word "scire" meaning what?	To know
811	5	There is a Rolls-Royce model called the 'Spectre'	False
812	5	To which biological phylum do all mammals, birds and reptiles belong?	Chordata
813	5	What animal takes part in Schrodinger's most famous thought experiment?	Cat
814	5	What bird is born with claws on its wing digits?	Hoatzin
815	5	What color is a Steller's Jay?	blue and black
816	5	What color/colour is a polar bear's skin?	Black
817	5	What common name is given to the medial condition, tibial stress syndrome (MTSS)?	Shin Splints
818	5	What did the name of the Tor Anonymity Network orignially stand for?	The Onion Router
819	5	What does AD stand for in relation to Windows Operating Systems? 	Active Directory
820	5	What does GHz stand for?	Gigahertz
821	5	What does the International System of Quantities refer 1024 bytes as?	Kibibyte
822	5	What does the scientific name of the Cambrian-Period sea creature Anomalocaris mean?	Abnormal Shrimp
823	5	What does the term MIME stand for, in regards to computing?	Multipurpose Internet Mail Extensions
824	5	What is "Stenoma"?	A genus of moths
825	5	What is the "Mitsubishi Wakamaru"?	A robot
826	5	What is the Roman numeral for 500?	D
827	5	What is the SI unit for resistance?	Ohms
828	5	What is the alphanumeric representation of the imaginary number?	i
829	5	What is the code name for the mobile operating system Android 7.0?	Nougat
830	5	What is the common name of the chemical compound "dihydrogen monoxide"?	Water
831	5	What is the correct order of operations for solving equations?	Parentheses, Exponents, Multiplication, Division, Addition, Subtraction
832	5	What is the derivative of Acceleration with respect to time?	Jerk
833	5	What is the fastest road legal car in the world?	Koenigsegg Agera RS
834	5	What is the half-life of Uranium-235?	703,800,000 years
835	5	What is the largest living organism currently known to man?	Honey Fungus
836	5	What is the medical term for low blood sugar?	Hypoglycemia
837	5	What is the most potent toxin known?	Botulinum toxin
838	5	What is the most significant side venture the popular firearms company, Remington, has pursued?	Typewriters
839	5	What is the national bird of Bahrain?	Bulbul
840	5	What is the scientific name for the "Polar Bear"?	Ursus Maritimus
841	5	What is the scientific name for the Bald Eagle?	Haliaeetus Leucocephalus 
842	5	What is the smallest number that can be expressed as the sum of two positive cubes in two different ways?	1729
843	5	What is the standard SI unit for time?	Second
844	5	What is the standard atomic weight of a Plutonium nucleus?	244
845	5	What is the unit of electrical resistance?	Ohm
846	5	What kind of train was Stepney, a train on the Bluebell Railway notable for his appearance in "The Railway Series"?	LB&SCR A1X
847	5	What language does Node.js use?	JavaScript
848	5	What produces the green colour of most plant leaves?	Chlorophyll
849	5	What was the first vehicle that came with air conditioning as a factory standard?	Packard
850	5	What was the name of the security vulnerability found in Bash in 2014?	Shellshock
851	5	When BMW was established in 1916, it was producing automobiles.	False
852	5	When was the Tamagotchi digital pet released?	1996
853	5	When was the iPhone released?	2007
854	5	Where are the cars of the brand "Ferrari" manufactured?	Italy
855	5	Where did the dog breed "Chihuahua" originate?	Mexico
856	5	Which Japanese company is the world's largest manufacturer of motorcycles?	Honda
857	5	Which RAID array type is associated with data mirroring?	RAID 1
858	5	Which SQL keyword is used to fetch data from a database?	SELECT
859	5	Which animal was part of an Russian domestication experiment in 1959?	Foxes
860	5	Which car manufacturer created the "Aventador"?	Lamborghini
861	5	Which class of animals are newts members of?	Amphibian
862	5	Which coding language was the #1 programming language in terms of usage on GitHub in 2015?	JavaScript
863	5	Which gaming console is developed by Sony?	PlayStation
864	5	Which greek mathematician ran through the streets of Syracuse naked while shouting "Eureka" after discovering the principle of displacement?	Archimedes
865	5	Which horizon in a soil profile consists of bedrock?	R
866	5	Which is not a type of neuron?	Perceptual Neuron
867	5	Which is the most abundant element in the universe?	Hydrogen
868	5	Which of the following is considered classical conditioning?	Pavlov's dog experiments
869	5	Which of the following plastic is commonly used for window frames, gutters and drain pipes?	Polyvinylchloride (PVC) 
870	5	Which of the following spacecraft never touched the moon?	Mariner 4
871	5	Which of the following vehicles featured a full glass roof at base model?	Renault Avantime
872	5	Which of these Elements is a metalloid?	Antimony
873	5	Which of these elements on the Periodic Table is a Noble Gas?	Neon
874	5	Which of these is a stop codon in DNA?	TAA
875	5	Which of these is used to show that Earth spins on an axis? 	Foucault Pendulum 
876	5	Which of these programming languages is a low-level language?	Assembly
877	5	Which of these species is not extinct?	Komodo dragon
878	5	Which one of these is scientific term for "Brain Freeze"?	Sphenopalatine Ganglioneuralgia
879	5	Which programming language was developed by Sun Microsystems in 1995?	Java
880	5	Which scientific unit is named after an Italian nobleman?	Volt
881	5	Which type of rock is created by intense heat AND pressure?	Metamorphic
882	5	Who is the founder of Palantir?	Peter Thiel
883	5	Zero factorial is equal to zero. 	False
884	6	ATP tennis hosted several tournaments on carpet court before being replaced to reduce injuries.	True
885	6	How many soccer players should be on the field at the same time?	22
886	6	In 2016, who won the Formula 1 World Constructor's Championship for the third time in a row?	Mercedes-AMG Petronas
887	6	In association football, or soccer, a corner kick is when the game restarts after someone scores a goal.	False
888	6	In golf, what name is given to a hole score of two under par?	Eagle
889	6	Skateboarding was included in the 2020 Summer Olympics in Tokyo.	True
890	6	Tennis was once known as Racquetball.	False
891	6	The 1988 Formula 1 season had McLaren win all but one race, what race did they not win?	Italian Grand Prix
892	6	What cricketing term denotes a batsman being dismissed with a score of zero?	Duck
893	6	What is the name of the AHL affiliate of the Toronto Maple Leafs?	Toronto Marlies
894	6	What is the oldest team in Major League Baseball?	Atlanta Braves
895	6	What national team won the first UEFA Nations League?	Portugal
896	6	What team did England beat in the semi-final stage to win in the 1966 World Cup final?	Portugal
897	6	What team won the 2016 MLS Cup?	Seattle Sounders
898	6	Which Formula 1 driver switched teams in the middle of the 2017 season?	Carlos Sainz Jr.
899	6	Which Italian footballer told Neuer where he's putting his shot and dragging it wide, during the match Italy-Germany, UEFA EURO 2016?	Pelle
900	6	Which car manufacturer won the 2017 24 Hours of Le Mans?	Porsche
901	6	Which city features all of their professional sports teams' jersey's with the same color scheme?	Pittsburgh
902	6	Which of the following sports is not part of the triathlon?	Horse-Riding
903	6	Which of these NHL players have never won a Hart Trophy for Regular Season MVP?	Steve Yzerman
904	6	Which of these teams isn't a member of the NHL's "Original Six" era?	Philadelphia Flyers
905	6	Which team has won the most Stanley Cups in the NHL?	Montreal Canadians
906	6	Which team won 2014 FIFA World Cup in Brazil?	Germany
907	6	Who won the 2011 Stanley Cup?	Boston Bruins
908	6	Who won the 2015 College Football Playoff (CFP) National Championship? 	Ohio State Buckeyes
909	6	Who won the UEFA Champions League in 2017?	Real Madrid C.F.
910	7	 Which chemical element, number 11 in the Periodic table, has the symbol Na?	Sodium
911	7	"Ananas" is mostly used as the word for Pineapple in other languages.	True
912	7	"Gum arabic" is a natural gum consisting of the hardened sap of which tree species?	Acacia
913	7	A statue of Charles Darwin sits in what London museum?	Natural History Museum
914	7	According to Fair Works Australia, how long do you have to work to get Long Service Leave?	7 years
915	7	According to the Book of Genesis in the Old Testament, how many days did it take God to create the world?	Six
916	7	According to the United States' CDC, one in how many Americans die annually due to smoking?	Five
917	7	Adolf Hitler was born in Australia. 	False
918	7	Apple co-founder Steve Jobs died from complications of which form of cancer?	Pancreatic
919	7	Area 51 is located in which US state?	Nevada
920	7	Chartreuse is a color between yellow and what?	Green
921	7	French is an official language in Canada.	True
922	7	Haggis is traditionally ate on Burns Night.	True
923	7	How many colors are there in a rainbow?	7
924	7	How many furlongs are there in a mile?	Eight
925	7	How many letters are there in the English alphabet?	26
926	7	If you planted the seeds of Quercus robur, what would grow?	Trees
927	7	In "Battle Cats", what is Moneko / MISS Moneko's critical percentage rate?	15%
928	7	In a standard set of playing cards, which is the only king without a moustache?	Hearts
929	7	In aerodynamics, which force pushes an object upwards?	Lift
930	7	In the fictional SCP universe what "Object Class" is given to SCP's that cannot be contained.	Apollyon
931	7	In the video-game franchise Kingdom Hearts, the main protagonist, carries a weapon with what shape?	Key
932	7	In what year did Canada stop producing the penny?	2012
933	7	In which year did Ghana gain independence?	1957
934	7	Instant mashed potatoes were invented by Canadian Edward Asselbergs in 1962.	True
935	7	Kraft "Cheez Whiz" contains cheese culture, but doesn't actually contain cheese	True
936	7	Linus Pauling, one of the only winners of multiple Nobel Prizes, earned his Nobel Prizes in Chemistry and what?	Peace
937	7	Macintosh has named six of its operating systems after big cats. What big cat did Macintosh name their 2007 release after? 	Leopard
938	7	Nutella is produced by the German company Ferrero.	False
939	7	On average, at least 1 person is killed by a drunk driver in the United States every hour.	True
940	7	Ping-Pong originated in England	True
941	7	Pluto is a planet.	False
942	7	Red Vines is a brand of what type of candy?	Licorice
943	7	Samhainophobia is the term used for an abnormal and persistent fear of halloween.	True
944	7	Sciophobia is the fear of what?	Shadows
945	7	Terry Gilliam was an animator that worked with which British comedy group?	Monty Python
946	7	The British organisation CAMRA stands for The Campaign for Real Ale.	True
947	7	The Fields Medal, one of the most sought after awards in mathematics, is awarded every how many years?	4
948	7	The French word for "glass" is "glace".	False
949	7	The French word to travel is "Travail"	False
950	7	The Great Wall of China is visible from the moon.	False
951	7	The National Animal of Scotland is the Unicorn.	True
952	7	The Quran is the holy book of which Abrahamic religion?	Islam
953	7	The Swedish word "Grunka" means what in English?	Thing
954	7	The bikini is named after the "Bikini Atoll", an island where the United States conducted tests on atomic bombs.	True
955	7	The commercial UK channel ITV stands for "International Television".	False
956	7	The phrase "accident waiting to happen" is an example of what type of figure of speech?	Idiom
957	7	The word "abulia" means which of the following?	The inability to make decisions
958	7	The words "bungalow" and "shampoo" originate from the languages of which country?	India
959	7	Virgin Trains, Virgin Atlantic and Virgin Racing, are all companies owned by which famous entrepreneur?   	Richard Branson
960	7	Virtual reality company Oculus VR lost which of it's co-founders in a freak car accident in 2013?	Andrew Scott Reisse
961	7	Waluigi's first appearance was in what game?	Mario Tennis 64 (N64)
962	7	What airline was the owner of the plane that crashed off the coast of Nova Scotia in 1998?	Swiss Air
963	7	What company owns Outlook?	Microsoft
964	7	What do sailors call the front of a boat?	Bow
965	7	What does the F stand for in the FBI?	Federal
966	7	What is "dabbing"?	A dance
967	7	What is a Burgee?	A flag
968	7	What is the French word for "hat"?	Chapeau
969	7	What is the German word for "spoon"?	Loffel
970	7	What is the Portuguese word for "Brazil"?	Brasil
971	7	What is the Spanish word for "donkey"?	Burro
972	7	What is the average life span of a garden ant?	15 years
973	7	What is the first book of the Old Testament?	Genesis
974	7	What is the largest rapid transit system in the world by number of stations, with 472 stations in operation?	New York City Subway
975	7	What is the longest bridge in the world?	Danyang-Kunshan Grand Bridge, China
976	7	What is the name of Poland in Polish?	Polska
977	7	What is the name of the antagonist group in Danganronpa Another Episode: Ultra Despair Girls?	Warriors of Hope
978	7	What is the name of the poker hand containing three of a kind and a pair?	Full House
979	7	What is the romanized Japanese word for "university"?	Daigaku
980	7	What is the shape of the toy invented by Hungarian professor Erno Rubik?	Cube
981	7	What is the unit of currency in Laos?	Kip
982	7	What name represents the letter "M" in the NATO phonetic alphabet?	Mike
983	7	What was the original name of the search engine "Google"?	BackRub
984	7	What year was Walt Disney born?	1901
985	7	When was Hubba Bubba first introduced?	1979
986	7	When was the Playstation 3 released?	November 11, 2006
987	7	When you cry in space, your tears stick to your face.	True
988	7	Which American manufactured submachine gun was informally known by the American soldiers that used it as "Grease Gun"?	M3
989	7	Which mountain has the highest peak in Australia?	Mount Kosciuszko, New South Wales
990	7	Which of the following correctly describes Japanese word order?	Subject Object Verb
991	7	Which of the following is NOT one of Aesop's fables?	The Fox and the Hound
992	7	Which of the following languages does NOT use gender as a part of its grammar?	Turkish
993	7	Which one of these is not a typical European sword design?	Scimitar
994	7	Which sign of the zodiac is represented by the Crab?	Cancer
995	7	Which type of cutlery is most suited for eating soup?	Spoon
996	7	Who invented the first ever chocolate bar, in 1847?	Joseph Fry
997	7	Who played General Aladeen in The Dictator?	Sacha Baron Cohen
998	7	You are allowed to sell your soul on eBay.	False
999	7	You can legally drink alcohol while driving in Mississippi.	True
