0	1	Aproximadamente cuantos paises hay en el mundo?	200
1	1	Alaska es el estado mas grande de los Estados Unidos.	Verdadero
2	1	Todos los siguientes son pueblos/aldeas en la nacion insular del Pacifico de Kiribati EXCEPTO:	Ultra
3	1	Bosnia y Herzegovina es un pais ubicado en la region de los Balcanes en Europa.	Falso
4	1	Con cuantos paises tiene Espana una frontera terrestre?	5
5	1	Cuantos paises comparten una frontera terrestre con Rusia? (Sin incluir territorios disputados)	14
6	1	Cual es la altura del One World Trade Center en Nueva York?	1.776 pies
7	1	En 2012 el microestado germanohablante "Liechtenstein" en Europa Central tenia una poblacion de cuantos habitantes?	treinta y seis mil seiscientos
8	1	En la provincia canadiense de Alberta, la ciudad de Calgary esta ubicada mas al norte que la ciudad de Edmonton.	Falso
9	1	Italia e Irlanda son los unicos paises en Europa que comienzan con la letra I.	Falso
10	1	En que continente se encuentra la cordillera de los Andes?	America del Sur
11	1	La Ruta 66 en Estados Unidos atraviesa todo el territorio continental de America, desde California hasta Nueva York.	Falso
12	1	El distrito japones de Akihabara tambien es conocido por que apodo?	Pueblo Electrico
13	1	La isla del Sudeste Asiatico de Borneo esta politicamente dividida entre 3 paises.	Verdadero
14	1	En que pais se encuentran los Acantilados Blancos de Dover?	Reino Unido
15	1	La ciudad anteriormente de Prusia Oriental de Konigsberg es conocida hoy en dia como cual ciudad rusa?	Kaliningrado
16	1	El prefijo Sino- (como en Sino-Estadounidense) se utiliza para referirse a que nacionalidad?	Chino
17	1	La superficie de Rusia es ligeramente mas grande que la del planeta enano Pluton.	Verdadero
18	1	Cual es el area de la Ciudad del Vaticano?	0,44 km2
19	1	Cual es la capital de Brasil?	Brasilia
20	1	Cual es la capital de Finlandia?	Helsinki
21	1	Cual es la capital de Peru?	Lima
22	1	Cual es la capital del estado estadounidense de Arizona?	Fenix
23	1	Cual es la ciudad mas grande y capital comercial de Sri Lanka?	Colombo
24	1	Cual es el pais mas grande del mundo?	Federacion Rusa
25	1	Cual es la ruta de escalada mas comun para la segunda montana mas alta del mundo, el K2?	Espolon de Abruzos
26	1	Cual es la nacion con mayoria musulmana mas poblada en 2010?	Indonesia
27	1	Cual es el nombre del pueblo indigena de Nueva Zelanda?	Maori
28	1	Cual es el nombre del unico Gran Ducado que queda en el mundo?	Luxemburgo
29	1	Cual es la montana mas alta de Canada?	Monte Logan
30	1	Cual es el pais mas pequeno del mundo por poblacion?	Ciudad del Vaticano
31	1	Que ciudad europea es conocida como la "Ciudad de la Luz"?	Paris
32	1	Que pais del Reino Unido tiene un dragon en su bandera?	Gales
33	1	Cual es la capital de Suiza?	Berna
34	1	Que pais ocupa el primer lugar en numero de volcanes historicamente activos?	Indonesia
35	1	Cual de los siguientes paises esta dentro de la Eurozona pero fuera del Espacio Schengen?	Chipre
36	1	Cual de las siguientes caracteristicas geograficas es un arrecife de coral en forma de anillo, isla o serie de islotes?	Atolon
37	1	Cual de los siguientes NO es una capital?	Sidney
38	1	Cual de los siguientes idiomas NO utiliza el alfabeto latino?	Georgiano
39	1	Cual de estos paises NO es parte del continente asiatico?	Surinam
40	1	Cual de estos NO es una placa tectonica real?	Placa Atlantica
41	1	Cual de estos NO es un estado o territorio australiano?	Alberta
42	2	"Strangereal" es un mundo ficticio similar a la Tierra para cual serie de juegos?	Ace Combat
43	2	"La primera regla es: no hablas sobre ello" es una referencia a que pelicula?	El Club de la Pelea
44	2	'74-'75 es un sencillo de 1993 del album Ring de que banda estadounidense?	Los Connells
45	2	Un piccolo es una version mas pequena de que instrumento?	Flauta
46	2	Segun la tradicion de Overwatch, quien fue una vez miembro de la banda Deadlock Gang?	McCree
47	2	Segun su exito de 1974, que estaban haciendo Brownsville Station "In The Boys' Room"?	Humeante
48	2	Segun su apodo de toda la vida, que tipo de "duo" son Batman y Robin?	Dinamico
49	2	Quien cofundo Valve junto con Gabe Newell?	Mike Harrington
50	2	Que actor estadounidense interpreta al director ejecutivo de Aperture Science, Cave Johnson?	J.K. Simmons
51	2	Al final de la pelicula "Rat Race" de 2001, a cuyo concierto se cuelan los concursantes?	Smash Mouth
52	2	Big el Gato es un personaje jugable en "Sonic Generations".	Falso
53	2	Que cancion de Oval contiene una muestra "Unison" de Bjork?	Cubierta Aero
54	2	Blinky, Pinky, Inky y Clyde son personajes de cual videojuego clasico?	Pac-Man
55	2	En que papel actua el actor britanico David Morrissey en "The Walking Dead"?	El Gobernador
56	2	Mantequilla Stotch, Pip Pirrup y Wendy Testaburger son todos personajes en cual serie de television animada de larga duracion?	South Park
57	2	Cryoshell, conocido por "Creeping in My Soul", hizo la musica publicitaria para que tema de Lego?	Bionicle
58	2	David Baszucki fue cofundador de ROBLOX Corporation.	Verdadero
59	2	Durante el desarrollo del juego, cual fue el primer Pokemon creado?	Rihorn
60	2	De cual album es la cancion de Gorillaz "On Melancholy Hill"?	Playa de Plastico
61	2	Como difiere el personaje Dragowizard, Qinus Axia de Qinus Axia del anime "Buddyfight" entre las versiones japonesa e inglesa?	Genero Diferente
62	2	Cuantos controladores podian estar conectados en una Nintendo GameCube al mismo tiempo?	4
63	2	Cuantas piezas de Tetris con formas diferentes hay?	7
64	2	Cuantas personas puedes reclutar en el juego Suikoden en una sola partida?	ciento siete
65	2	Cuantas temporadas tuvo "Stargate SG-1"?	10
66	2	Cuantos semitonos hay en una octava?	doce
67	2	Cuantas veces luchas contra Gilgamesh en "Final Fantasy 5"?	seis
68	2	Cuantas veces luchas contra el Aprisionado en The Legend of Zelda: Skyward Sword?	3
69	2	IMAX significa Image Maximum.	Verdadero
70	2	En "A Certain Magical Index," que es lo que Accelerator puede controlar?	Vectores
71	2	En "Call Of Duty: World At War", la primera aparicion del "PPSH-41" en "Zombies" fue en el mapa "Der Riese".	Falso
72	2	En "Call Of Duty: Zombies", que te recompensa tradicionalmente el juego por completar una ronda de jefe?	Municion Maxima
73	2	En "Call Of Duty: Zombies", puedes mejorar el "Apothicon Servant" en el mapa "Shadows Of Evil".	Falso
74	2	En "Highschool DxD", de que raza es Koneko Toujou?	Nekomata
75	2	En "It's Always Sunny in Philadelphia", cual era el nombre del personaje de lucha libre de Frank?	El Hombre de la Basura
76	2	En "JoJo's Bizarre Adventure", cual de los siguientes Stands NO tiene una habilidad basada en el tiempo?	Chico del Siglo XX
77	2	En "Magicka", cuales dos elementos se combinan para lanzar el hechizo "Nullify"?	Arcano + Escudo
78	2	En "Mean Girls", quien tiene pechos que avisan cuando llueve?	Karen Smith
79	2	En "PAYDAY 2", que arma tiene el dano base mas alto por disparo?	HRL-7
80	2	En "Resident Evil 2", cual es el segundo nombre de Leon Kennedy?	Scott
81	2	En "Star Trek", los Klingones se refieren comunmente como "Elfos Negros".	Falso
82	2	En "Star Trek", cual es el ritual de muerte klingon?	Mirar al cielo y gritar fuerte en lamento.
83	2	En "Star Trek: Voyager", en que episodio Voyager establecio comunicacion en tiempo real con el Cuartel General de la Flota Estelar?	Explorador de caminos
84	2	En "Starbound", cual es el HP maximo del monstruo "Punchy"?	50,000 CV
85	2	En "Super Mario 3D World", el power-up Cereza Doble se origino cuando un desarrollador accidentalmente hizo que dos personajes fueran controlables.	Verdadero
86	2	En "Team Fortress 2", cual es el asesinato de burla mas rapido que se puede ejecutar?	Enfrentamiento
87	2	En "The Elder Scrolls 3: Morrowind", cual de las siguientes facciones no se puede unir?	La Hermandad Oscura
88	2	En "El Hobbit", quien era el jefe del Consejo Blanco?	Saruman
89	2	En "Undertale", el personaje principal del juego es Sans.	Falso
90	2	En 2013, la estrella pop virtual Hatsune Miku tuvo un patrocinio con que cadena de pizzerias?	Domino's
91	2	En "The Walking Dead" de AMC, los personajes Rick, Carl, Daryl, Morgan, Carol y Maggie fueron presentados en la Temporada 1.	Falso
92	2	En la pelicula "Psicosis" de Alfred Hitchcock se dice que uso jarabe de chocolate para simular la sangre en la famosa escena de la ducha	Verdadero
93	2	En Animal Crossing, quien es el gerente de la tienda del pueblo?	Tom Nook
94	2	En agosto de 1964, quien le presento los Beatles a la marihuana?	Bob Dylan
95	2	En Black Hammer, de que ciudad salvaron los heroes al Anti-Dios?	Ciudad Espiral
96	2	En Call Of Duty: Black Ops II, quien es el antagonista principal?	Raul Menendez
97	2	En Call of Duty: United Offensive, que dos soldados comparten el nombre de un personaje de videojuego?	Gordon y Freeman
98	2	En Fallout 4, que tipo de armadura potenciada se encuentra por primera vez en la mision temprana "When Freedom Calls" en un Vertibird estrellado?	T-45
99	2	En Fallout: New Vegas, al comenzar cada uno de los cuatro DLC de campana, cual de ellos no tiene una pantalla de advertencia/nivel recomendado?	Corazones Honestos
100	2	En la version musical de Jeff Wayne de La Guerra de los Mundos, las posibilidades de que algo llegue desde Marte son...	Un millon a uno
101	2	En Night in the Woods, donde trabaja Gregg?	Halcon Snack
102	2	En No Man's Sky (a partir de la actualizacion Beyond), cuales son los dos recursos que necesitas para fabricar Antimateria?	Carbono Condensado y Metal Cromatico
103	2	En Overwatch, de que especie de simio es el heroe Winston?	Gorila
104	2	En Pokemon, el Pikachu de Ash se niega a entrar en una pokebola.	Verdadero
105	2	En Rainbow 6 Siege, cual es el nombre real de Mozzie?	Max Ganso
106	2	En Resident Evil 4, la Maquina de Escribir de Chicago tiene municion infinita.	Verdadero
107	2	En Rocket League, puedes jugar baloncesto.	Verdadero
108	2	En RuneScape, uno debe completar la mision "Dragon Slayer" antes de equiparse con Rune Platelegs.	Falso
109	2	En Skylanders Giants, por que el Wow Pow de Zaps se llamaba "Para Riley"?	Como tributo a un aficionado que fallecio
110	2	En el modo Historia de Splatoon 2, que agente asume el papel del jugador?	Agente 4
111	2	En Splatoon, las Hermanas Calamar se llaman Tako y Yaki.	Falso
112	2	En Star Trek: La Nueva Generacion, cual es el nombre del gato de Data?	Mancha
113	2	En World of Warcraft, Cual fue el nombre del hechizo que causo una plaga que famosamente mato a millones de jugadores en 2005?	Sangre Corrompida
114	2	En Yakuza 4 quien es el primer personaje que juegas?	Shun Akiyama
115	2	En el mapa "Der Riese" de "Call Of Duty: Zombies", cual es el nombre del "PPSH-41 mejorado con Pack-A-Punch"?	La Parca
116	2	En los juegos "Pikmin", cual de los siguientes colores de pikmin carece de su propio nido "Onion"?	Morado
117	2	En la serie "Pikmin", cual es el unico tipo de pikmin que posee orejas visibles?	Amarillo
118	2	En la serie de manga "Re:Zero", cual de los siguientes Arzobispos del Pecado se come la existencia de Rem?	Ley Batenkaitos
119	2	En la pelicula de 1986 "The Wraith", que auto conceptual se utiliza para el Turbo Interceptor?	Dodge M4S
120	2	En la pelicula de 1992 "Army of Darkness", que nombre le da Ash a su escopeta de dos canones?	Boomstick
121	2	En la serie Disgaea, cualquier personaje puede equipar cualquier arma.	Falso
122	2	En el comic de Marvel "The Superior Spider-Man", el cuerpo de Peter Parker es tomado por cual personaje?	Otto Octavio
123	2	En la serie de juegos Portal, quien fue el fundador de Aperture Science?	Cave Johnson
124	2	En el programa de television "Rick and Morty", Rick usa la frase "Wubba Lubba Dub Dub", que significa que en el idioma de Birdperson?	Estoy en gran dolor, por favor ayudame.
125	2	En el videojuego Half-Life, que tipo de fuerza militar estadounidense comienza a despejar la Instalacion de Investigacion Black Mesa?	Los HECU
126	2	En la serie de anime "Full Metal Alchemist", que consideran los alquimistas como el mayor tabu?	Transmutacion Humana
127	2	En el anime "Fullmetal Alchemist", quien es conocido como el 'Alquimista de la Llama'?	Roy Mustang
128	2	En la version beta del juego de 1986 "The Legend of Zelda", los jugadores tienen la opcion de elegir entre una espada y que otro objeto?	Bumeran
129	2	En el juego "Persona 4", cual es el nombre canonico del protagonista?	Yu Narukami
130	2	En el juego Dark Souls, cual es el nombre de la region en la que te encuentras durante la mayor parte del juego?	Lordran
131	2	En el juego Nuclear Throne, que organizacion persigue al personaje del jugador durante todo el juego?	La P.D.I.D.
132	2	En el juego Warframe, cual es el tipo de pez que es conocido por comerse a los nativos desprevenidos de Cetus?	Sharrac
133	2	Quien es el archienemigo de Mega Man en la serie original de Mega Man?	Dr. Wily
134	2	En la obra Edipo Rey, Edipo mata a su padre por celos en el amor a su madre.	Falso
135	2	En el programa "Fat Albert and the Cosby Kids", cual es el nombre de la pandilla ficticia de los personajes?	La Pandilla del Desguace
136	2	En el titulo del juego "Luigi's Mansion", cual es la unica letra que no aparece con un par de ojos en ella?	s
137	2	En el videojuego Team Fortress 2, cual de estos NO es un arma primaria?	Medigun
138	2	En el videojuego Half-Life, que evento inicio el universo de Half-Life como lo conocemos hoy?	La Cascada de Resonancia
139	2	En el webcomic Homestuck, el primer personaje introducido es Dave Strider.	Falso
140	2	En que ano lanzo Microsoft la consola Xbox original en America del Norte?	2001
141	2	En que ano se estreno la primera pelicula de Transformers?	1986
142	2	En que orden necesitas golpear algunos Deku Scrubs para abrir la puerta del primer jefe en "Ocarina of Time"?	2, 3, 1
143	2	Que actor ganador del Oscar fue featured en "Gold Digger" de Kanye West?	Jamie Foxx
144	2	M.U.G.E.N. es el nombre de que tipo de Motor de Juego?	Videojuego de Lucha
145	2	La cancion "Hung Up" de Madonna incluye un fragmento de cual cancion popular de los 70?	Dame! Dame! Dame! (Un Hombre Despues de la Medianoche)
146	2	Marilyn Monroe nacio el 1 de julio de 1926.	Falso
147	2	En que adaptacion de videojuego de 2008 Mark Wahlberg interpreto el personaje principal?	Max Payne
148	2	Meryl Silverburgh, un personaje de videojuegos de la serie Metal Gear, fue originalmente un personaje en que juego?	Policenauts
149	2	Metal Gear Solid V: The Phantom Pain funciona en el Fox Engine.	Verdadero
150	2	Nickelodeon es propiedad de que empresa matriz?	Viacom
151	2	En el programa de NBC Community, quien tenia la frase hecha "Pop! Pop!"?	Magnitud
152	2	El album solista de Pete Townshend, "White City: A Novel", esta ambientado en el area metropolitana de Chicago.	Falso
153	2	Samuel L. Jackson tenia las palabras "Bad Motherf*cker" grabadas en su sable de luz durante la filmacion de Star Wars.	Verdadero
154	2	De que es la bruja Satella en "Re:Zero"?	Envidia
155	2	Saul Hudson (Slash) de la banda Guns N' Roses es conocido por tocar que tipo de guitarra?	Gibson Les Paul Standard
156	2	En que juego de Elder Scrolls Sean Bean da voz al personaje de "Martin Septim"?	The Elder Scrolls IV: Oblivion
157	2	Super Mario Bros. fue el primer videojuego jamas creado.	Falso
158	2	La serie de juegos "Day of Defeat" tiene lugar durante cual guerra?	Segunda Guerra Mundial
159	2	El meme de "Pepe" se origino en un comic dibujado por Matt Furie llamado "Boy's Club"	Verdadero
160	2	La cancion de Frank Sinatra de 1969 "My Way" fue ironicamente no escrita por el.	Verdadero
161	2	En que pais europeo tiene lugar principalmente la pelicula "28 Days Later" de 2002?	Reino Unido
162	2	Los colectores de ADAM en la serie Bioshock son conocidos como Little Sisters.	Verdadero
163	2	El Bracken de Lethal Company tambien se conoce como:	El Hombre de las Flores
164	2	La ciudad de Rockport aparece en cual de los siguientes videojuegos?	Need for Speed: Most Wanted (2005)
165	2	La composicion "Obertura 1812" de Tchaikovsky simbolizo la Guerra de 1812 entre Estados Unidos y Gran Bretana.	Falso
166	2	La portada del album de The Beatles "Abbey Road" presentaba un Volkswagen Beetle en el fondo.	Verdadero
167	2	El juego "Pocket Morty" tiene un Morty llamado "Pocket Mortys Morty"?	Verdadero
168	2	El musical "Dirty Rotten Scoundrels" se desarrolla en que pais?	Francia
169	2	El programa "Gilligan's Island" fue cancelado por bajos ratings.	Falso
170	2	La cancion "Twin Size Mattress" fue escrita por cual banda?	The Front Bottoms
171	2	Cual es la pistola inicial del equipo Terrorista en una partida competitiva de Counter Strike: Global Offensive?	Glock-18
172	2	El exito de Swamp Thing, Sandman y otros libros de DC Comics en un estilo similar llevo a la creacion de que nuevo sello editorial en 1993?	Vertigo
173	2	Quien compuso el tema de la popular serie de ciencia ficcion "Doctor Who"?	Ron Grainer
174	2	Donde se utilizo por primera vez "Megalovania" de Toby Fox?	El Hack Halloween Terrestre de la Radiacion
175	2	Que tortuga fue la voz de Townsend Coleman en la serie original de "Teenage Mutant Ninja Turtles" de 1987?	Miguel Angel
176	2	Tupac Shakur murio por complicaciones de una punalada en 1996.	Falso
177	2	Waylon Smithers de "Los Simpson" era originalmente negro cuando aparecio por primera vez en la serie.	Verdadero
178	2	Que animal aparece en el pijama de Link en The Legend of Zelda: The Wind Waker?	Cangrejo de rio
179	2	Que album colaborativo lanzaron Kanye West y Jay-Z en 2011?	Watch the Throne
180	2	Que sucede cuando lanzas 3 dobles seguidos en Monopoly?	Ir a la carcel
181	2	Que periodo historico fue el centro de la pelicula Assassin's Creed (2016)?	Inquisicion Espanola
182	2	Cual es el nombre de Gatomon en la version original japonesa de Digimon Adventure?	Tailmon
183	2	Cual es el nombre completo de Meg en "Family Guy"?	Megatron Griffin
184	2	Como se llama una pieza de Tetris?	Tromino
185	2	Cual no es una raza jugable en "Final Fantasy XIV: A Realm Reborn"?	Hume
186	2	Cual es el termino britanico para una nota de sesenta y cuatro?	Fusa
187	2	Como se llama la vida despues de la muerte de los Klingon?	Sto-vo-kor
188	2	Cual es el alter ego del personaje de DC Comics "Superman"?	Clark Kent
189	2	Cual es el nombre canonico del protagonista de Persona 4?	Yu Narukami
190	2	Cual es la primera consola PlayStation de Sony que funciona con CD?	P.D.
191	2	Cual es la dificultad mas dificil posible en "Deus Ex: Mankind Divided"?	Nunca Pedi Esto
192	2	Cual es el nivel maximo que puedes alcanzar en "The Elder Scrolls 4: Oblivion" sin considerar los niveles de habilidad, la clase y el signo de nacimiento?	Cincuenta
193	2	Cual es la ultima cancion del primer album de Panic! At the Disco?	Construye a Dios, Luego Hablaremos
194	2	Como se llama la nave principal utilizada por el Comandante Shepard en la franquicia Mass Effect?	Normandia
195	2	Cual es el nombre real del vocalista de Death Grips, MC Ride?	Stefan Burnett
196	2	Cual es el nombre del stand de Funny Valentine en Jojo's Bizarre Adventure Parte 7, Steel Ball Run?	Actos Sucios Hechos a Precio Sucio
197	2	Cual es el nombre del perro que interpreto a Toto en la pelicula de 1939 "El Mago de Oz"?	Terry
198	2	Cual es el nombre de la infame maquina de pachinko de "Kaiji"?	La Cienaga
199	2	Cual es el nombre del protagonista de Life Is Strange?	Max Caulfield
200	2	Cual es el nombre del segundo album de estudio lanzado por el rapero estadounidense Post Malone en 2018?	Beerbongs & Bentleys
201	2	Cual es el nombre del villano en la pelicula de ciencia ficcion ruso-estadounidense de 2015 "Hardcore Henry"?	Akan
202	2	Cual es el color de cabello real de la version de comic principal (Tierra-616) de Daredevil?	Rubia
203	2	Cual es la especie del "Depredador" en la pelicula "Depredador" de 1987?	Yautja
204	2	Que cancion incluye las palabras "Numa Numa" que fue objeto de un video viral en 2004?	Dragostea Din Tei
205	2	Que cancion del album Black Face LP de ScHoolboy Q conto con la participacion de Kanye West?	Esa Parte
206	2	Que tipo es "Magic Drain" en el Juego de Cartas Coleccionables Yu-Gi-Oh!?	Trampa Contra
207	2	Que vehiculo en PUBG tiene la velocidad maxima mas alta?	Motocicleta
208	2	Cual fue el album debut en solitario de Raekwon the Chef?	Only Built 4 Cuban Linx
209	2	Cual fue el lugar de nacimiento del artista musical 'Sir Robert Bryson Hall II' (aka. Logic)?	Maryland, Estados Unidos
210	2	Cual era el nombre original del personaje Kirby?	Popopo
211	2	Cual fue la primera pelicula de James Bond?	Dr. No
212	2	Cual fue la primera pelicula de superheroes en la que James Gunn estuvo involucrado?	The Specials
213	2	Cual fue el nombre del primer album de estudio de Pink Floyd?	El flautista en las puertas del amanecer
214	2	Cual era el nombre del protagonista en la pelicula Commando (1985)?	John Matrix
215	2	Cual era el nombre original de "Minecraft"?	Juego de la Cueva
216	2	Cual fue el primer sencillo de la banda de rock progresivo Rush?	No Se Desvanece
217	2	Cual era la religion del famoso cantante "Freddie Mercury"?	Zoroastrismo
218	2	En que ano se emitio por primera vez "Attack on Titan"?	2013
219	2	En que ano se estreno en cines la pelicula "Titanic" de James Cameron?	1997
220	2	En que ano lanzo oficialmente la empresa de television BBC el canal BBC One?	1936
221	2	En que ano se lanzo el album Altai Sayan Tandy-Uula de Huun Huur Tu?	2004
222	2	En que ano se fundo Netflix?	1997
223	2	Cual es el nombre de los padres de Batman?	Tomas y Martha
224	2	Cual es el nombre del protagonista principal en la franquicia "Legend of Zelda"?	Enlace
225	2	Cuando se emitio por primera vez Bob Esponja?	1 de mayo de 1999
226	2	Cuando se subio Gangnam Style a YouTube?	2012
227	2	Cuando fue lanzado el videojuego de rol en linea visto desde arriba "Space Station 13"?	2003
228	2	Que mapa de "Call Of Duty: Zombies" introdujo los "Staffs Of The Ancients"?	Origenes
229	2	Que personaje de "Toy Story" fue interpretado por Don Rickles?	Sr. Cara de Papa
230	2	Cual es el ayudante de Batman que es hijo de Talia al Ghul?	Damian Wayne
231	2	Que heroe de Dota 1 cambio de genero cuando fue adaptado a Dota 2?	Comandante de la Legion
232	2	Cual miembro del Grupo Elite de la primera generacion de Pokemon se convirtio en campeon en la siguiente generacion?	Lanza
233	2	Cual es la capital europea que da nombre a una cancion de Ultravox de 1981?	Viena
234	2	Que letra griega representa el logo de "Half-Life"?	Lambda
235	2	Cual fue la discoteca de Manchester considerada central para la escena musical del 'Madchester' a finales de los 80?	La Hacienda
236	2	Que personaje de Overwatch dice la linea "Los heroes nunca mueren!"?	Misericordia
237	2	Que juego de Sonic the Hedgehog introdujo a Knuckles the Echidna?	Sonic the Hedgehog 3
238	2	Que personaje de Touhou es un Cuervo del Infierno?	Utsuho Reiuji
239	2	Que luchador de la WWF tenia el apodo "El Ayatola del Rock 'N' Roll"?	Chris Jericho
240	2	Que actor interpreta el papel del antagonista principal en la pelicula de 2011 "Tower Heist"?	Alan Alda
241	2	Que album fue lanzado por Kanye West en 2013?	Yeezus
242	2	Que pelicula animada dirigio Steven Lisberger en 1980 antes de dirigir Tron?	Animalympics
243	2	Cual es el estudio de animacion que animo "Hidamari Sketch"?	Eje
244	2	Cual fue el estudio de animacion que produjo "Sword Art Online"?	A-1 Pictures
245	2	Que cadena de restaurantes aumento sus ventas despues de ser mencionada en la cancion de Beyonce de 2016 "Formation"?	Red Lobster
246	2	Que personaje en Undertale te dice que vas a "pasar un mal momento"?	Sin
247	2	Que empresa desarrollo y publico Game Dev Tycoon?	Greenheart Games
248	2	Que pais aparece en Ace Combat 5: The Unsung War?	O sea
249	2	Que ex estrella de un grupo de chicos lanzo el exito de sencillo "Angels" en 1997?	Robbie Williams
250	2	Que franquicia tuvo un evento especial alojado en el popular MMORPG Final Fantasy XIV: A Realm Reborn?	Yo-kai Watch
251	2	En que juego hizo su primera aparicion "Sonic The Hedgehog"?	Rad Mobile
252	2	En que subgenero del Hip Hop rapea MC Frontalot?	Nerdcore
253	2	Cual de los miembros de la banda Beatles esta descalzo en la portada del album 'Abbey Road'?	Paul McCartney
254	2	Cual de los siguientes actores interpreto al Noveno Doctor en la serie de television britanica "Doctor Who"?	Christopher Eccleston
255	2	Cual de los siguientes NO ha sido doblado por la voz de Jennifer Taylor?	Sarah Kerrigan
256	2	Cual de los siguientes no es un color de mana en Magic: The Gathering?	Amarillo
257	2	Cual de los siguientes no es una pieza del musical West Side Story de los anos 50?	El Callejon Trasero
258	2	Cual de los siguientes no es un fiscal en la serie de videojuegos "Ace Attorney"?	Jake Marshall
259	2	Cual de las siguientes peliculas no estaba basada en un libro?	Ciudadano Kane
260	2	Cual de las siguientes armas en "Counter-Strike: Global Offensive" no tiene funcion de clic derecho?	XM1014
261	2	Cual de estos artistas NO remezclo la cancion "Faded" de Alan Walker?	Skrillex
262	2	Cual de estos personajes de "Bob Esponja" no es un calamar?	Gary
263	2	Cual de estos juegos NO fue desarrollado por Markus Persson?	Fortaleza Enana
264	2	Cual de estos NO es una raza de personaje jugable en el videojuego "Starbound"?	Fenerox
265	2	Cual de estos NO es un equipo disponible en el juego Pokemon Go?	Equipo Rocket
266	2	Cual de estos NO es un album lanzado por The Beatles?	El Muro
267	2	Cual de estos no es un personaje en el juego "Lethal League"?	Rex
268	2	Cual de estos no es una de las reliquias de Dracula encontradas en el videojuego "Castlevania II: Simon's Quest"?	El Diente
269	2	Cual de estos no es el nombre de una ciudad en la serie Grand Theft Auto?	San Andres
270	2	Cual de estos es el nombre de una banda estadounidense de rock psicodelico formada en 2002 por Benjamin Goldwasser y Andrew VanWyngarden?	MGMT
271	2	Cual de estas canciones no es de Tatsuro Yamashita?	Dama de la Suerte Sientete Bien
272	2	Cual de estos albumes de Pink Floyd tambien fue una pelicula?	El Muro
273	2	Cual de estos artistas aparece en el album Deltron 3030?	Dan the Automater
274	2	Cual de estas peliculas fue grabada completamente en una sola toma?	Arca Rusa
275	2	Cual de estos no fue miembro de los Cinco Malvados en el juego Sly Cooper and the Thievius Raccoonus?	Dimitri Lousteau
276	2	Que cantante pop fue contratado por SEGA para producir la musica de "Sonic the Hedgehog 3"?	Michael Jackson
277	2	Que popular franquicia de Disparo en Primera Persona (FPS) tuvo un juego de Estrategia en Tiempo Real (RTS) desarrollado basado en su universo?	Halo
278	2	Que juego de puzzles fue disenado por un programador ruso, con edificios y musica rusos?	Tetris
279	2	Que personalidad de radio se llama a si mismo "El Rey de Todos los Medios"?	Howard Stern
280	2	Que cantante proporciono la voz de Mother Brain de Metroid en la serie animada "Captain N: The Game Master"?	Levi Stubbs
281	2	Cual cancion no es de TheFatRat?	Ascenso
282	2	Que cancion grabada previamente por Elvis Presley fue versionada por UB40 con un ritmo de reggae?	No Puedo Evitar Enamorarme
283	2	Que comediante de stand-up presto su voz al loro parlanchin "Iago" en la adaptacion de Disney de Aladin de 1992?	Gilbert Gottfried
284	2	Que equipo gano el primer campeonato de la Overwatch League?	Londres Spitfire
285	2	Quien fue el autor de Las aventuras de Tintin?	Herge
286	2	Quien tuvo un exito numero 1 en EE.UU. y Reino Unido en 1962 con el instrumental 'Telstar'?	Los Tornados
287	2	Quien tuvo exitos en los 70 con las canciones "Lonely Boy" y "Never Let Her Slip Away"?	Andrew Gold
288	2	Quien es el creador de la serie de comics "The Walking Dead"?	Robert Kirkman
289	2	Quien es el personaje principal en One Piece?	Luffy
290	2	Quien es el personaje principal de la serie de juegos "Ace Attorney"?	Phoenix Wright
291	2	Quien es el director musical del musical galardonado "Hamilton"?	Alex Lacamoire
292	2	Quien es la estrella de la serie de AMC Breaking Bad?	Walter White
293	2	Quien es la victima mencionada en el segundo incidente KG-8, en Ace Attorney Investigations, Caso 4?	Deid Mann
294	2	Quien realizo el solo de guitarra en el exito de Michael Jackson "Beat It"?	Eddie Van Halen
295	2	Quien interpreto al Cenobita llamado "Pinhead" en las peliculas originales de Hellraiser?	Doug Bradley
296	2	Quien interpreta al protagonista Ethan Hunt en la serie de peliculas "Mision: Imposible"?	Tom Cruise
297	2	Quien fue la estrella de la pelicula de 1973 "Enter The Dragon"?	Bruce Lee
298	2	Quien fue el primer actor en interpretar "El Doctor" en "Doctor Who"?	William Hartnell
299	2	Quien fue la primera protagonista femenina en un videojuego?	Samus Aran
300	2	Quien gano el campeonato de Drum Corps International de 1989?	Santa Clara Vanguard
301	2	Quien escribio la letra del musical de Broadway de Leonard Bernstein West Side Story de 1957?	Stephen Sondheim
302	3	Una coleccion de himnos y versos en sanscrito conocidos como los Vedas son textos sagrados en que religion?	Hinduismo
303	3	Segun la leyenda, los antiguos griegos construyeron un enorme modelo de madera de cual animal para entrar a Troya?	Caballo
304	3	Entre 1973 y 1990, que pais fue gobernado por el dictador Augusto Pinochet?	Chile
305	3	Brasil solia ser un imperio.	Verdadero
306	3	A pesar de estar separados en multiples paises, los paises escandinavos estan unificados por tener todos el mismo monarca.	Falso
307	3	Durante que guerra ocurrio la "Crisis de los Misiles de Cuba"?	Guerra Fria
308	3	En que ano Neil Armstrong y Buzz Aldrin aterrizaron en la luna?	1969
309	3	En que ano Guillermo el Conquistador tomo el control de Inglaterra?	1066
310	3	En que ano tuvo lugar la Batalla de Verdun?	1916
311	3	En que ano fue fundada la empresa de videojuegos Electronic Arts?	1982
312	3	En que guerra ocurrieron los bombardeos atomicos de Hiroshima y Nagasaki?	Segunda Guerra Mundial
313	3	La Primavera Arabe fue una serie de protestas y rebeliones que comenzo en cual de estas naciones arabes?	Tunez
314	3	En que ano comenzo la Guerra de Corea?	1950
315	3	El Spitfire se origino a partir de un avion de carreras.	Verdadero
316	3	La Bomba Tsar, la bomba nuclear mas poderosa jamas probada, tuvo una rendimiento de 50 megatones pero teoricamente tenia un rendimiento maximo de cuanto?	100 Megatones
317	3	El argumento ontologico para la prueba de la existencia de Dios se atribuye por primera vez a quien?	Anselmo de Canterbury
318	3	El termino Ludita se aplicaba originalmente a trabajadores descontentos de que industria?	Textil
319	3	Bajo que nombre fue hecho Papa Rodrigo Borgia?	Alejandro VI
320	3	Ciudad del Vaticano es miembro pleno de las Naciones Unidas.	Falso
321	3	Cuales son los nombres de pila del primer par de padre e hijo que fueron ambos Primeros Ministros de Canada?	Justin y Pierre
322	3	Que batalla fue la mas larga de la Primera Guerra Mundial, durando aproximadamente 303 dias?	Batalla de Verdun
323	3	Cual es el nombre completo del expresidente de Estados Unidos Bill Clinton?	William Jefferson Clinton
324	3	Cual era el verdadero nombre de Gengis Kan?	Temujin
325	3	Cual era la capital de Vietnam del Sur antes de la Guerra de Vietnam?	Ho Chi Minh
326	3	Cual fue la longitud total del Titanic?	882 ft | 268.8 m
327	3	Cuales fueron los primeros estados en separarse de Yugoslavia?	Eslovenia, Croacia
328	3	En que ano termino la Segunda Guerra Mundial?	1945
329	3	Cuando declaro Lituania su independencia de la Union Sovietica?	11 de marzo de 1990
330	3	Cuando comenzo la Guerra de la Independencia Espanola?	1808
331	3	Cuando termino la Batalla de las Ardenas?	25 de enero de 1945
332	3	Cuando entrego Gran Bretana la soberania de Hong Kong a China?	1997
333	3	Cuando se probo "The Gadget", el primer dispositivo nuclear detonado?	16 de julio de 1945
334	3	Cuando se establecio la Agencia de Seguridad Nacional de Estados Unidos?	4 de noviembre de 1952
335	3	Que nacion NO tuvo una colonia en la America del Norte moderna?	Portugal
336	3	Que presidente estadounidense estaba en el cargo cuando comenzo la Guerra del Golfo?	George H. W. Bush
337	3	En que pais nacio Josef Stalin?	Georgia
338	3	Cual fue la batalla naval considerada el punto de inflexion del Teatro del Oceano Pacifico durante la Segunda Guerra Mundial?	Batalla de Midway
339	3	Cual de los siguientes paises africanos tuvo mas exito en resistir la colonizacion?	Etiopia
340	3	Cual de los siguientes paises de las islas del Pacifico es gobernado por una monarquia constitucional?	Tonga
341	3	Cual de los siguientes francotiradores tiene la mayor cantidad de muertes confirmadas?	Simo Hayha
342	3	Quien dirigio Francia durante el "Reinado del Terror"?	Maximilien Robespierre
343	3	Quien fue un estratega militar durante el periodo de la Zhou Oriental?	Sun Tzu
344	3	Quien fue el Primer Ministro britanico al inicio de la Segunda Guerra Mundial?	Neville Chamberlain
345	3	Quien fue el Primer Ministro de Japon cuando Japon le declaro la guerra a Estados Unidos?	Hideki Tojo
346	3	Quien fue el primer hombre en viajar al espacio exterior?	Yuri Gagarin
347	3	Quien fue el primer gobernante de Haiti despues de que el pais obtuvo su independencia?	Jean-Jacques Dessalines
348	4	"Green Eggs And Ham" es un libro de que autor?	Dr. Seuss
349	4	"Green Eggs and Ham" consiste en solo 50 palabras diferentes.	Verdadero
350	4	Un minotauro es medio humano y medio que?	Toro
351	4	Segun el libro El Guia del Viajero Intergalactico, la respuesta a la vida, el universo y todo lo demas es...	cuarenta y dos
352	4	Segun la mitologia egipcia de Osiris, quien asesino a Osiris?	Conjunto
353	4	De que es el Ankh el jeroglifico egipcio?	Vida
354	4	Por cual evento historico fue inspirada la novela "La Rebelion en la Granja" de George Orwell?	El ascenso del comunismo y las politicas de Stalin.
355	4	Hera es la diosa de...	Matrimonio
356	4	Quien mato a Aquiles en la mitologia griega?	Paris
357	4	En Romance de los Tres Reinos, quien no fue miembro del Juramento del Jardin de Melocotoneros?	Zhao Yun
358	4	En The Lies Of Locke Lamora, que significa "Lamora" en Throne Therin?	Sombra
359	4	En la mitologia griega, la Gorgona puede convertir en piedra a quienes la miran.	Verdadero
360	4	En el universo de Harry Potter, con quien termina casandose Draco Malfoy?	Astoria Greengrass
361	4	En que libro de Harry Potter se encontro un Horcrux por primera vez?	La Camara de los Secretos
362	4	De que movimiento fue parte el pintor Piet Mondrian (1872 - 1944)?	Neoplasticismo
363	4	Rannamaari era un demonio marino que aterrorizaba al pueblo de las Maldivas y tenia que ser apaciguado mensualmente con el sacrificio de una chica virgen.	Verdadero
364	4	Los "Osos Berenstein" es la ortografia correcta del nombre de la serie de libros infantiles educativos.	Falso
365	4	Donde se desarrolla "IT" de Stephen King?	Derry, Maine se traduce como: Derry, Maine
366	4	Que artista pinto "La traicion de las imagenes", un cuadro de una pipa con la descripcion "esto no es una pipa"?	Magritte
367	4	Cual dios/diosa griega lanzo una manzana de oro con las palabras "para la mas hermosa" al medio del banquete de los dioses?	Eris
368	4	Cual de estas series de libros es de James Patterson?	Pasajero Maximo
369	4	Cual de estas pinturas no es de Caspar David Friedrich?	El Mar Negro
370	4	Quien es el dios egipcio de la reproduccion y la lechuga?	Min
371	4	Quien es el hijo del dios Loki?	Fenrir
372	4	Quien fue el Rey de los Dioses en la mitologia griega antigua?	Zeus
373	4	Cual fue el unico dios de Grecia que no cambio de nombre en Roma?	Apolo
374	5	"Kamea", la palabra gilbertina para perro, se deriva de la frase en ingles "Come here!" (Ven aqui!).	Verdadero
375	5	111.111.111  111.111.111 = 12.345.678.987.654.321	Verdadero
376	5	Cual es el porcentaje aproximado de la superficie terrestre cubierto por agua?	70%
377	5	Un triangulo equilatero siempre tiene cada angulo midiendo 60.	Verdadero
378	5	Apple estuvo al borde de la quiebra en 1997 y fue salvada por Microsoft	Verdadero
379	5	Arriva es propiedad de Deutsche Bahn.	Verdadero
380	5	A que profundidad deberias hacer una parada de descompresion, o parada de seguridad, en una inmersion tipica de buceo autonomo?	15 pies / 5 metros
381	5	En que forma de energia operan los automoviles producidos por Tesla Motors?	Electricidad
382	5	DHCP significa Puerto de Configuracion Dinamica del Host.	Falso
383	5	E = MC3	Falso
384	5	Los perros Lapphund finlandeses se utilizaban para pastorear renos.	Verdadero
385	5	El acido folico es la forma sintetica de cual vitamina?	Vitamina B
386	5	Cuantas leyes de la termodinamica hay?	Cuatro
387	5	Cuantos planetas hay en nuestro sistema solar?	Ocho
388	5	Cuantos lados tiene un pentagono?	5
389	5	Cuantos dientes tiene la boca de un adulto promedio (sin incluir las muelas del juicio)?	treinta y dos
390	5	Si pudieras doblar un papel por la mitad 50 veces, su espesor seria tres cuartos de la distancia de la Tierra al Sol.	Verdadero
391	5	Si sumerges una toalla seca en una tina llena de agua, el agua subira por la toalla mediante un fenomeno llamado "Accion Capilar"	Falso
392	5	En "Hexadecimal", que color se mostraria con el codigo de color "#00FF00"?	Verde
393	5	En 2016, la UICN reclasifico el estado del Panda Gigante de en peligro de extincion a vulnerable.	Verdadero
394	5	En HTML, cual era la etiqueta no estandar que se usaba para hacer que los elementos se desplacen a traves de la ventana grafica?	I appreciate your message, but there's no actual English text to translate - the marquee tags are empty HTML. Please provide the English text you'd like me to translate to Spanish.
395	5	Que frecuencia, originalmente utilizada en adaptadores PCM, es el estandar para muestrear audio en el formato Compact Disc Digital Audio?	44,1 kHz
396	5	Las esponjas de mar pueden tener corazones.	Falso
397	5	El azucar contiene grasa.	Falso
398	5	La serie de ordenadores de placa unica 'Raspberry Pi' fue creada en el Reino Unido.	Falso
399	5	La diferencia entre las longitudes de un Boeing 777-300ER y un Airbus A350-1000 es mas cercana a:	0,1 m
400	5	El menisco medial forma que parte de que articulacion en el cuerpo humano?	Rodilla
401	5	Cual es el termino medico para el ombligo?	Ombligo
402	5	La nocion de un "conjunto que contiene todos los conjuntos que no se contienen a si mismos" es una idea paradojica atribuida a cual filosofo ingles	Bertrand Russell
403	5	El conjunto de todos los numeros algebraicos es numerable.	Verdadero
404	5	Existe un modelo de Rolls-Royce llamado 'Spectre'	Falso
405	5	A que filo biologico pertenecen todos los mamiferos, aves y reptiles?	Cordados
406	5	De que color es un Arrendajo de Steller?	azul y negro
407	5	De que color es la piel de un oso polar?	Negro
408	5	Que nombre comun se le da a la condicion medica, sindrome de estres tibial medial (SETM)?	Sindrome de estres tibial
409	5	Que significa AD en relacion con los Sistemas Operativos Windows?	Directorio Activo
410	5	Que significa GHz?	Gigahercio
411	5	Como se refiere el Sistema Internacional de Magnitudes a 1024 bytes?	Kibibyte
412	5	Que significa el nombre cientifico de la criatura marina del Periodo Cambrico Anomalocaris?	Camaron Anormal
413	5	Que es el "Mitsubishi Wakamaru"?	Un robot
414	5	Cual es el numero romano para 500?	D
415	5	Cual es el nombre de codigo del sistema operativo movil Android 7.0?	Turron
416	5	Cual es el nombre comun del compuesto quimico "monoxido de dihidrogeno"?	Agua
417	5	Cual es el orden correcto de operaciones para resolver ecuaciones?	Parentesis, Exponentes, Multiplicacion, Division, Suma, Resta
418	5	Cual es el auto de carretera mas rapido del mundo?	Koenigsegg Agera RS
419	5	Cual es el termino medico para el nivel bajo de azucar en la sangre?	Hipoglucemia
420	5	Cual es el nombre cientifico del Aguila Calva?	Aguila Calva
421	5	Que lenguaje utiliza Node.js?	JavaScript
422	5	Que produce el color verde de la mayoria de las hojas de las plantas?	Clorofila
423	5	Cual fue el nombre de la vulnerabilidad de seguridad encontrada en Bash en 2014?	Shellshock
424	5	Cuando se lanzo la mascota digital Tamagotchi?	1996
425	5	Cuando se lanzo el iPhone?	2007
426	5	Que empresa japonesa es el mayor fabricante mundial de motocicletas?	Honda
427	5	Cual es la palabra clave SQL que se utiliza para obtener datos de una base de datos?	SELECCIONAR
428	5	A que clase de animales pertenecen los tritones?	Anfibio
429	5	Cual fue el lenguaje de programacion #1 en terminos de uso en GitHub en 2015?	JavaScript
430	5	Que consola de videojuegos es desarrollada por Sony?	PlayStation
431	5	Que matematico griego corrio desnudo por las calles de Siracusa gritando "Eureka!" despues de descubrir el principio del desplazamiento?	Arquimedes
432	5	Cual es el elemento mas abundante en el universo?	Hidrogeno
433	5	Cual de los siguientes plasticos se usa comunmente para marcos de ventanas, canaletas y tuberias de drenaje?	Policloruro de vinilo (PVC)
434	5	Cual de estos elementos en la Tabla Periodica es un Gas Noble?	Neon
435	5	Cual de estos se utiliza para demostrar que la Tierra gira sobre su eje?	Pendulo de Foucault
436	5	Cual de estas especies no esta extinta?	dragon de Komodo
437	5	Cual es la unidad cientifica que lleva el nombre de un noble italiano?	Voltio
438	6	El skateboarding fue incluido en los Juegos Olimpicos de Verano de 2020 en Tokio.	Verdadero
439	6	Que termino del cricket denota que un bateador es eliminado con una puntuacion de cero?	Pato
440	6	Cual es el nombre de la filial de la AHL de los Toronto Maple Leafs?	Marlies de Toronto
441	6	Cual es el equipo mas antiguo de las Grandes Ligas de Beisbol?	Atlanta Bravos
442	6	Que equipo nacional gano la primera UEFA Nations League?	Portugal
443	6	A que equipo vencio Inglaterra en la semifinal para ganar la final de la Copa Mundial de 1966?	Portugal
444	6	Que piloto de Formula 1 cambio de equipo a mitad de la temporada 2017?	Carlos Sainz Jr.
445	6	Que futbolista italiano le dijo a Neuer donde iba a poner su disparo y lo saco afuera, durante el partido Italia-Alemania, UEFA EURO 2016?	Pelle
446	6	Que fabricante de automoviles gano las 24 Horas de Le Mans de 2017?	Porsche
447	6	Que ciudad tiene todos los uniformes de sus equipos deportivos profesionales con el mismo esquema de colores?	Pittsburgh
448	6	Cual de los siguientes deportes no forma parte del triatlon?	Equitacion
449	6	Que equipo gano la Copa Mundial de la FIFA 2014 en Brasil?	Alemania
450	6	Quien gano la Stanley Cup de 2011?	Boston Bruins
451	7	"Ananas" se usa mayormente como la palabra para pina en otros idiomas.	Verdadero
452	7	Segun el Libro del Genesis en el Antiguo Testamento, cuantos dias le tomo a Dios crear el mundo?	Seis
453	7	Adolf Hitler nacio en Australia.	Falso
454	7	De que tipo de cancer murio Steve Jobs, cofundador de Apple, por complicaciones?	Pancreatico
455	7	En que estado de EE.UU. se encuentra el Area 51?	Nevada
456	7	Chartreuse es un color entre amarillo y que?	Verde
457	7	El frances es un idioma oficial en Canada.	Verdadero
458	7	Cuantos furlongs hay en una milla?	Ocho
459	7	Si plantaras las semillas de Quercus robur, que creceria?	Arboles
460	7	En una baraja estandar de cartas, cual es el unico rey sin bigote?	Corazones
461	7	En que ano Ghana obtuvo su independencia?	1957
462	7	Las papas instantaneas fueron inventadas por el canadiense Edward Asselbergs en 1962.	Verdadero
463	7	Macintosh ha nombrado seis de sus sistemas operativos despues de felinos grandes. Que felino grande nombro Macintosh su lanzamiento de 2007?	Leopardo
464	7	Nutella es producida por la empresa alemana Ferrero.	Falso
465	7	Pluton es un planeta.	Falso
466	7	Red Vines es una marca de que tipo de caramelo?	Regaliz
467	7	Samhainofobia es el termino utilizado para un miedo anormal y persistente a Halloween.	Verdadero
468	7	Sciophobia es el miedo a que?	Sombras
469	7	La organizacion britanica CAMRA significa The Campaign for Real Ale.	Verdadero
470	7	La Medalla Fields, uno de los premios mas codiciados en matematicas, se otorga cada cuantos anos?	4
471	7	La Gran Muralla China es visible desde la luna.	Falso
472	7	Que significa la palabra sueca "Grunka" en ingles?	Cosa
473	7	El bikini recibe su nombre del "Atolon de Bikini", una isla donde los Estados Unidos realizo pruebas de bombas atomicas.	Verdadero
474	7	La frase "accidente esperando suceder" es un ejemplo de que tipo de figura literaria?	Modismo
475	7	Virgin Trains, Virgin Atlantic y Virgin Racing son companias que pertenecen a que famoso empresario?	Richard Branson
476	7	En que juego fue la primera aparicion de Waluigi?	Mario Tennis 64 (N64)
477	7	Que aerolinea era propietaria del avion que se estrello frente a la costa de Nueva Escocia en 1998?	Linea Aerea Suiza
478	7	Que empresa es propietaria de Outlook?	Microsoft
479	7	Que es el "dabbing"?	Un baile
480	7	Que es un Burgee?	Una bandera
481	7	Cual es la palabra portuguesa para "Brasil"?	Brasil
482	7	Cual es la esperanza de vida promedio de una hormiga de jardin?	15 anos
483	7	Cual es el primer libro del Antiguo Testamento?	Genesis
484	7	Cual es el nombre de Polonia en polaco?	Polonia
485	7	Cual es el nombre de la mano de poker que contiene tres de una clase y un par?	Casa llena
486	7	Cual es la forma del juguete inventado por el profesor hungaro Erno Rubik?	Cubo
487	7	Que nombre representa la letra "M" en el alfabeto fonetico de la OTAN?	Miguel
488	7	Cual era el nombre original del motor de busqueda "Google"?	BackRub
489	7	En que ano nacio Walt Disney?	1901
490	7	Cuando se introdujo Hubba Bubba por primera vez?	1979
491	7	Cual fue la ametralladora ligera fabricada en Estados Unidos que era informalmente conocida por los soldados estadounidenses que la utilizaban como "Grease Gun"?	M3
492	7	Que montana tiene el pico mas alto de Australia?	Monte Kosciuszko, Nueva Gales del Sur
493	7	Cual de los siguientes NO es una de las fabulas de Esopo?	El zorro y el sabueso
494	7	Cual de los siguientes idiomas NO utiliza el genero como parte de su gramatica?	Turco
495	7	Cual de estos no es un diseno tipico de espada europea?	Cimitarra
496	7	Cual es el signo del zodiaco representado por el Cangrejo?	Cancer
497	7	Quien invento la primera barra de chocolate, en 1847?	Joseph Fry
498	7	Esta permitido vender tu alma en eBay.	Falso
499	7	Puedes beber alcohol legalmente mientras conduces en Misisipi.	Verdadero
